datetime,open,high,low,close,volume,open_interest
2009-01-05,191.03,192.01,188.3,190.25,43542,49846
2009-01-06,185.5,186.88,184.32,184.61,35598,51110
2009-01-07,187.01,188.15,186.22,187.63,33054,50984
2009-01-08,184.7,185.09,183.98,184.79,26624,48754
2009-01-09,185.88,186.97,185.53,186.94,17112,47708
2009-01-12,185.7,186.98,185.24,185.82,19966,46808
2009-01-13,180.38,181.05,179.02,179.2,25170,46312
2009-01-14,179.9,180.99,179.53,180.9,20908,44936
2009-01-15,178.02,178.28,176.0,177.48,26104,43400
2009-01-16,178.5,180.73,178.5,180.41,22210,42660
2009-01-19,183.38,184.56,183.11,184.12,19250,40566
2009-01-20,181.71,182.2,180.9,181.65,13612,38824
2009-01-21,185.88,187.0,185.7,186.43,13450,35882
2009-01-22,187.0,187.38,186.0,186.61,8930,34184
2009-01-23,186.59,188.59,186.0,187.51,7610,33286
2009-02-02,200.16,200.16,198.38,198.46,19710,34084
2009-02-03,197.58,198.5,197.0,197.31,16838,36378
2009-02-04,197.0,197.55,196.52,196.85,12532,36674
2009-02-05,197.6,198.85,197.38,198.75,17244,38026
2009-02-06,199.24,200.55,199.22,200.31,17328,37032
2009-02-09,198.75,198.98,197.5,198.33,18230,37222
2009-02-10,196.78,197.25,195.65,195.99,17672,37102
2009-02-11,200.0,200.58,199.35,199.58,18014,37870
2009-02-12,205.0,205.78,204.65,205.54,21010,40628
2009-02-13,205.21,206.12,205.21,206.08,13728,42452
2009-02-16,205.38,205.68,204.8,205.52,13036,42244
2009-02-17,206.5,215.0,206.5,210.83,34462,48366
2009-02-18,212.1,213.96,211.8,213.59,24246,48890
2009-02-19,215.66,215.9,213.69,214.01,23434,48564
2009-02-20,213.46,214.45,212.92,214.4,17504,48628
2009-02-23,217.8,217.84,216.0,216.5,23514,49798
2009-02-24,216.21,217.39,215.74,216.8,19052,49382
2009-02-25,211.49,211.94,209.41,209.63,27128,45318
2009-02-26,209.0,209.29,206.8,208.23,30488,40370
2009-02-27,206.9,207.44,205.88,206.48,24676,40902
2009-03-02,208.68,209.5,208.03,209.31,21986,41308
2009-03-03,204.18,204.8,203.5,203.96,26320,38510
2009-03-04,201.52,201.59,200.63,201.48,21848,38556
2009-03-05,201.09,202.5,200.72,202.5,35920,45714
2009-03-06,205.6,207.78,205.0,207.73,32018,42372
2009-03-09,207.12,207.35,205.81,206.06,23438,39244
2009-03-10,202.49,202.7,201.5,201.58,23930,38318
2009-03-11,197.0,198.6,196.53,198.49,24044,37652
2009-03-12,200.65,202.15,200.21,201.79,22650,36948
2009-03-13,203.13,203.63,202.71,202.75,20588,35880
2009-03-16,203.49,204.28,203.43,203.63,14654,35126
2009-03-17,203.37,203.66,201.6,202.01,19608,35724
2009-03-18,201.26,201.5,199.8,200.57,20440,34080
2009-03-19,204.6,205.68,203.2,205.28,32622,33450
2009-03-20,209.02,211.12,208.66,210.41,25186,33790
2009-03-23,209.63,212.12,209.0,211.43,34262,40872
2009-03-24,208.0,208.47,206.81,206.96,25720,36424
2009-03-25,204.59,205.4,203.9,204.4,22924,35712
2009-03-26,205.51,206.55,205.26,206.35,16480,34116
2009-03-27,205.36,206.29,204.91,205.62,17110,33268
2009-03-30,204.24,204.24,202.32,204.15,19058,32492
2009-03-31,201.31,202.8,201.31,202.49,14658,31200
2009-04-01,202.81,203.15,202.0,202.13,14716,30578
2009-04-02,203.68,204.55,202.7,202.85,14920,29938
2009-04-03,198.96,199.29,198.51,198.94,18048,29252
2009-04-07,192.65,193.66,192.31,193.4,20974,26624
2009-04-08,193.98,195.8,193.68,195.53,18932,25426
2009-04-09,194.16,194.75,193.5,193.76,12082,24544
2009-04-10,193.68,194.65,193.5,194.59,7054,23034
2009-04-13,194.99,195.8,194.6,195.78,9956,21870
2009-04-14,196.8,198.4,196.75,197.95,11630,19160
2009-04-15,196.6,197.2,196.51,196.6,6342,16524
2009-04-16,196.28,197.01,195.12,196.87,10318,17124
2009-04-17,193.38,193.38,192.08,192.41,15186,19878
2009-04-20,190.23,192.99,190.23,191.3,13318,21248
2009-04-21,195.58,197.0,195.2,196.63,23634,22166
2009-04-22,195.0,195.45,194.62,195.31,13610,21104
2009-04-23,197.27,197.5,196.08,196.7,14346,20700
2009-04-24,199.31,201.27,199.1,201.15,21460,25128
2009-04-27,201.91,201.96,201.0,201.43,17540,25304
2009-04-28,197.88,198.36,197.2,197.41,17454,23466
2009-04-29,196.0,197.81,195.87,197.2,14780,23964
2009-04-30,196.83,198.2,196.79,198.18,13456,25160
2009-05-01,197.59,197.59,197.16,197.21,10,176
2009-05-04,196.0,197.6,195.41,197.31,21404,29328
2009-05-05,199.29,200.13,198.91,199.22,21654,32020
2009-05-06,198.06,199.28,197.88,198.99,16660,31702
2009-05-07,200.81,201.48,200.51,201.33,25708,35276
2009-05-08,201.33,202.1,201.08,201.75,20618,35446
2009-05-11,201.7,202.18,201.03,201.83,21098,35688
2009-05-12,201.29,201.29,200.48,200.73,16980,35224
2009-05-13,203.74,204.09,203.62,203.96,21262,41832
2009-05-14,203.22,203.65,202.72,202.72,14108,41056
2009-05-15,203.4,203.58,203.06,203.23,9952,41200
2009-05-18,203.84,204.66,203.84,204.53,15046,40862
2009-05-19,202.0,202.52,202.0,202.44,18764,38358
2009-05-20,203.32,203.78,203.11,203.73,9508,37500
2009-05-21,206.0,207.11,205.91,206.85,17934,41742
2009-05-22,209.1,209.2,208.07,208.38,19752,41192
2009-05-25,209.3,209.5,208.5,208.8,15162,44822
2009-05-26,209.03,209.08,208.01,208.02,11978,45500
2009-05-27,207.88,208.2,207.2,207.98,12912,44250
2009-06-01,214.15,215.37,213.8,215.02,21484,48166
2009-06-02,213.5,214.35,212.02,212.15,22006,49366
2009-06-03,215.15,216.21,214.68,216.18,27090,52892
2009-06-04,211.9,212.21,211.35,211.96,22964,49620
2009-06-05,214.0,214.4,213.73,214.32,18306,51116
2009-06-08,209.25,210.39,209.15,209.41,22658,49412
2009-06-09,209.26,209.35,208.08,209.12,20136,48038
2009-06-10,209.92,210.59,209.68,209.84,19594,48810
2009-06-11,209.01,210.05,208.81,209.48,15150,47584
2009-06-12,210.0,210.15,208.56,208.91,15106,46614
2009-06-15,205.1,206.0,204.61,204.87,21978,46086
2009-06-16,204.6,205.37,204.6,205.34,24762,44216
2009-06-17,204.77,206.38,204.5,206.3,17560,43286
2009-06-18,206.52,206.75,205.8,206.43,13106,43934
2009-06-19,205.73,205.75,204.9,205.04,12756,43468
2009-06-22,205.0,205.49,204.75,205.0,13614,43244
2009-06-23,202.01,202.5,200.9,201.6,28548,39460
2009-06-24,202.9,203.9,202.63,203.9,16324,39054
2009-06-25,204.53,205.7,204.41,205.48,15088,39104
2009-06-26,206.61,207.19,206.36,207.11,14748,40112
2009-06-29,206.28,206.28,205.25,205.91,13026,39732
2009-06-30,206.32,207.7,206.32,207.37,15454,41562
2009-07-01,204.15,204.48,203.77,204.45,17094,40576
2009-07-02,206.34,206.7,205.86,206.06,13820,40874
2009-07-03,204.9,205.25,204.65,205.13,11130,39038
2009-07-06,204.03,204.58,203.26,203.41,13208,40006
2009-07-07,203.45,203.65,202.97,203.16,13572,40298
2009-07-08,202.74,203.22,201.87,202.85,11952,39580
2009-07-09,200.01,201.15,200.01,201.06,14952,41480
2009-07-10,200.9,201.41,200.5,200.55,10914,41502
2009-07-13,201.13,201.45,199.88,200.1,11398,41144
2009-07-14,201.82,202.66,201.62,202.35,12674,39990
2009-07-15,203.5,204.24,203.18,204.09,12684,39348
2009-07-16,205.93,206.1,205.2,205.32,15540,36374
2009-07-17,205.59,205.85,205.16,205.34,10586,36312
2009-07-20,206.1,207.65,206.1,207.54,18286,39046
2009-07-21,208.04,208.38,207.62,207.77,18542,38200
2009-07-22,207.43,208.4,207.43,207.94,10702,38562
2009-07-23,209.0,209.35,208.68,209.16,10290,38686
2009-07-24,207.97,208.1,207.72,208.05,10108,39410
2009-07-27,208.26,210.09,208.19,210.08,16098,42722
2009-07-28,209.0,209.71,208.6,209.58,11716,43622
2009-07-29,206.2,206.6,204.48,204.9,24984,37770
2009-07-30,204.1,204.66,204.0,204.5,9888,36944
2009-07-31,205.48,206.6,205.47,205.93,17120,41038
2009-08-03,209.71,209.85,209.18,209.41,19694,42900
2009-08-04,210.02,210.2,208.96,209.66,16070,41706
2009-08-05,212.0,212.2,211.16,211.38,16950,44296
2009-08-06,211.52,211.68,210.94,211.57,10142,43866
2009-08-07,210.88,210.98,210.55,210.55,9720,44584
2009-08-10,209.11,210.17,209.11,209.78,8766,44962
2009-08-11,208.01,208.41,207.2,208.35,13830,43980
2009-08-12,208.35,208.6,207.1,207.15,13454,41824
2009-08-13,208.51,209.86,208.51,209.58,15998,43306
2009-08-14,210.3,210.43,209.81,209.9,13296,40956
2009-08-17,207.35,207.41,206.51,207.18,21862,39122
2009-08-18,206.2,206.78,206.05,206.5,15478,35706
2009-08-19,207.0,207.05,205.21,205.54,15192,33864
2009-08-20,207.0,208.05,206.66,207.51,11856,34172
2009-08-21,206.5,206.95,206.15,206.52,6834,33388
2009-08-24,209.88,209.89,209.31,209.77,17952,39586
2009-08-25,207.33,207.9,207.33,207.65,10426,38306
2009-08-26,207.61,208.46,207.54,208.26,7314,40006
2009-08-27,207.5,208.15,207.4,208.0,8164,40390
2009-08-28,209.0,209.1,208.56,208.8,9286,38774
2009-08-31,211.0,211.0,209.29,209.29,15852,36610
2009-09-01,210.29,210.37,208.9,209.72,11192,37046
2009-09-02,209.32,210.18,209.15,210.0,13704,38850
2009-09-03,214.3,215.58,214.05,215.57,37810,54592
2009-09-04,217.66,218.18,217.23,217.39,26326,59760
2009-09-07,217.8,219.09,217.65,218.9,30036,69786
2009-09-08,219.47,223.08,218.8,222.8,39874,80454
2009-09-09,221.64,222.57,220.3,220.65,45092,72616
2009-09-10,219.76,220.18,218.4,219.47,33842,70374
2009-09-11,219.0,222.2,219.0,220.27,46754,73540
2009-09-14,220.02,221.75,219.45,219.57,50382,72426
2009-09-15,220.27,220.88,219.25,219.27,32292,68162
2009-09-16,222.5,225.75,222.0,225.24,74634,87710
2009-09-17,224.99,227.3,224.39,225.96,71664,87826
2009-09-18,224.37,224.42,222.83,223.1,40774,78398
2009-09-21,221.01,222.45,220.12,221.1,44680,71196
2009-09-22,221.96,223.35,221.71,223.3,51320,81304
2009-09-23,223.93,224.49,223.08,223.13,51478,70732
2009-09-24,223.06,223.61,222.06,223.51,35748,68512
2009-09-25,219.0,219.26,218.45,218.9,40506,48944
2009-09-28,218.5,218.73,216.4,216.83,39468,34172
2009-09-29,217.03,217.81,216.81,217.77,13300,30390
2009-09-30,217.78,218.78,217.6,218.7,15000,27478
2009-10-09,231.88,231.88,228.0,228.95,19046,26340
2009-10-12,231.01,231.6,230.0,230.88,18524,29426
2009-10-13,231.07,231.89,230.8,231.59,18944,32814
2009-10-14,233.0,234.74,232.64,233.85,34562,39766
2009-10-15,233.2,233.68,231.8,231.85,27606,39100
2009-10-16,231.2,231.68,229.56,230.38,25960,41488
2009-10-19,230.5,231.78,230.17,231.7,24824,44064
2009-10-20,233.73,234.86,233.42,234.59,33534,49986
2009-10-21,231.7,232.32,231.08,232.22,20752,47716
2009-10-22,233.0,233.36,231.78,231.85,22524,48312
2009-10-23,233.0,234.2,232.92,233.2,28920,54634
2009-10-26,232.01,232.54,231.5,231.98,23838,55062
2009-10-27,228.88,229.52,228.81,229.37,19242,53654
2009-10-28,228.8,229.77,228.71,229.0,21814,56788
2009-10-29,227.0,227.75,226.98,227.5,18520,56396
2009-10-30,230.0,230.95,230.0,230.68,17424,58570
2009-11-02,230.05,230.73,229.7,230.71,15340,60792
2009-11-03,234.0,234.27,233.5,233.86,23180,59574
2009-11-04,237.59,238.08,237.35,238.06,30152,63164
2009-11-05,238.74,238.88,238.1,238.12,31746,58518
2009-11-06,238.6,239.36,238.58,239.25,18918,59856
2009-11-09,240.5,242.26,240.5,242.17,30742,64256
2009-11-10,241.6,241.7,240.34,240.84,33316,59856
2009-11-11,242.25,242.83,242.1,242.62,25968,62972
2009-11-12,245.0,245.7,245.0,245.56,28716,64678
2009-11-13,241.87,242.97,241.62,242.91,28042,61180
2009-11-16,246.18,247.51,246.01,247.39,27022,64878
2009-11-17,249.49,249.82,248.04,248.48,29234,65626
2009-11-18,249.6,249.9,249.12,249.49,25944,67794
2009-11-19,249.8,250.6,249.7,250.26,33114,68722
2009-11-20,250.58,251.46,249.57,250.92,35088,72482
2009-11-23,253.99,255.58,253.96,255.42,37460,74372
2009-11-24,254.0,256.39,253.96,255.05,45582,73484
2009-11-25,255.99,259.47,255.86,259.33,71268,81264
2009-11-26,261.11,263.86,261.1,261.92,83696,80568
2009-11-27,261.0,262.63,256.0,257.02,102384,73266
2009-11-30,258.5,260.25,256.1,258.23,90894,83102
2009-12-01,259.87,260.1,258.6,259.33,40718,82602
2009-12-02,264.6,268.04,264.3,267.5,87220,97022
2009-12-03,270.17,270.49,266.66,267.55,95160,98564
2009-12-04,264.83,266.0,263.89,265.8,82192,84076
2009-12-07,254.0,255.87,253.2,254.81,102638,82850
2009-12-08,257.39,257.39,255.43,255.9,66656,80166
2009-12-09,249.05,250.54,248.72,248.85,68012,71746
2009-12-10,249.61,250.4,248.11,249.27,58438,73682
2009-12-11,250.02,251.29,249.43,250.7,53848,80006
2009-12-14,247.0,249.88,246.8,249.7,68328,82270
2009-12-15,248.95,251.55,248.1,248.31,70656,86798
2009-12-16,248.94,252.3,248.6,252.1,83472,103000
2009-12-17,254.0,254.26,249.62,249.73,92360,99174
2009-12-18,245.6,246.1,244.32,245.4,76048,92714
2009-12-21,247.01,247.86,246.11,246.8,58328,91458
2009-12-22,242.82,243.37,242.34,242.43,46622,92034
2009-12-23,241.1,242.16,240.52,241.3,56468,96816
2009-12-24,242.6,245.96,242.0,245.61,73994,101270
2009-12-25,245.5,246.48,244.51,246.35,39492,97572
2009-12-28,246.0,249.09,245.6,247.98,54726,102296
2009-12-29,246.34,246.7,244.78,246.4,52070,99316
2009-12-30,243.0,243.97,242.77,243.39,44012,95596
2009-12-31,243.68,247.58,243.6,247.51,52368,100364
2010-01-04,245.38,247.43,244.58,245.96,57752,101232
2010-01-05,250.0,253.28,249.71,253.23,74798,106498
2010-01-06,251.01,253.14,250.59,251.1,73904,109054
2010-01-07,255.1,255.5,251.2,252.36,86698,100124
2010-01-08,251.22,251.22,249.0,249.56,53716,91082
2010-01-11,257.5,258.44,256.66,256.85,51302,93998
2010-01-12,256.85,257.5,255.38,257.14,38234,94330
2010-01-13,251.0,251.0,249.3,250.72,49252,83830
2010-01-14,254.28,254.38,252.41,252.97,27014,81238
2010-01-15,253.22,253.55,251.81,252.21,25270,78682
2010-01-18,250.5,252.05,249.91,251.81,25412,79576
2010-01-19,252.4,253.0,251.89,252.39,19448,81094
2010-01-20,253.49,253.99,251.2,251.38,32490,81338
2010-01-21,247.5,248.31,246.51,248.3,38986,79524
2010-01-22,243.05,243.99,242.66,243.32,35292,76678
2010-01-25,243.32,245.99,243.0,245.36,34950,77788
2010-01-26,245.77,246.28,242.72,243.1,37918,73382
2010-01-27,244.57,245.15,243.54,243.81,28192,74518
2010-01-28,241.6,241.98,239.6,241.44,36302,67022
2010-01-29,240.01,240.91,239.3,239.36,27932,64946
2010-02-01,240.78,240.8,238.58,239.56,27820,63424
2010-02-02,244.81,245.2,243.96,244.74,34270,62160
2010-02-03,246.87,247.35,245.93,247.24,22686,59746
2010-02-04,245.0,246.06,244.83,245.11,20660,61560
2010-02-05,235.0,235.9,234.88,235.77,35700,55754
2010-02-08,236.5,237.18,236.1,236.86,18356,55750
2010-02-09,236.3,238.88,236.1,238.47,16136,55820
2010-02-10,239.38,239.88,238.85,239.85,15046,52298
2010-02-11,239.5,240.8,239.48,240.3,11930,51840
2010-02-12,242.16,242.5,241.8,242.2,13110,49826
2010-02-22,250.4,251.5,248.33,248.33,18470,50400
2010-02-23,246.5,247.45,245.85,247.22,19936,52922
2010-02-24,245.0,245.46,244.88,245.06,16490,54514
2010-02-25,244.0,244.0,241.76,242.28,25200,57358
2010-02-26,245.16,246.6,244.89,246.4,32442,61264
2010-03-01,248.87,248.87,247.23,247.79,23066,56566
2010-03-02,247.75,248.42,246.77,247.38,24652,58386
2010-03-03,251.1,251.99,250.78,251.9,32232,64582
2010-03-04,252.19,252.24,250.84,251.05,30632,59534
2010-03-05,250.69,251.73,250.41,251.28,19616,60412
2010-03-08,251.06,252.16,250.88,252.01,23400,62712
2010-03-09,248.99,249.19,248.3,248.36,23422,57376
2010-03-10,248.39,249.69,248.36,249.44,19254,57578
2010-03-11,245.95,246.46,245.62,245.93,22378,56568
2010-03-12,246.49,246.83,245.81,246.82,14970,55348
2010-03-15,244.7,244.99,244.26,244.99,18538,53070
2010-03-16,245.41,246.78,245.33,246.34,17994,55304
2010-03-17,249.48,250.18,249.21,250.13,21258,58818
2010-03-18,248.6,248.94,248.27,248.53,15000,57616
2010-03-19,248.79,249.09,248.5,248.71,14040,57022
2010-03-22,244.7,245.49,244.69,244.99,19182,56726
2010-03-23,244.8,245.01,244.42,244.5,17904,56728
2010-03-24,244.5,244.86,243.77,243.9,22050,55748
2010-03-25,241.36,242.0,241.2,241.8,22358,58136
2010-03-26,242.0,243.89,241.89,243.88,19008,57952
2010-03-29,245.3,246.22,244.85,246.01,22830,52770
2010-03-30,245.8,246.68,245.6,246.46,15366,50200
2010-03-31,245.11,245.56,244.97,245.28,14766,48962
2010-04-01,246.69,246.95,245.89,245.91,15094,46864
2010-04-02,248.5,248.51,247.72,248.03,18890,42576
2010-04-06,249.0,249.2,248.18,248.7,11272,40242
2010-04-07,250.02,250.68,249.68,250.68,15292,37108
2010-04-08,252.0,252.28,251.62,251.8,15164,33150
2010-04-09,253.01,255.0,252.9,254.97,20336,26154
2010-04-12,256.97,257.35,256.38,256.45,19266,27350
2010-04-13,254.66,254.79,253.8,254.35,17326,29330
2010-04-14,254.0,255.37,254.0,254.45,21188,33700
2010-04-15,254.61,255.15,254.1,254.16,14914,34934
2010-04-16,254.82,254.87,254.1,254.23,9956,35294
2010-04-19,250.53,251.02,249.5,249.7,21200,32392
2010-04-20,250.78,251.36,250.56,251.07,21060,37244
2010-04-21,251.67,252.83,251.55,252.56,19206,38712
2010-04-22,252.8,253.26,252.4,252.5,16356,39580
2010-04-23,251.01,251.59,251.01,251.26,16646,39292
2010-04-26,254.85,255.85,254.73,255.41,18808,42908
2010-04-27,255.1,255.38,254.16,254.39,17950,45438
2010-04-28,257.25,257.3,256.5,256.8,21458,47950
2010-04-29,256.8,257.32,256.64,257.08,16250,49440
2010-04-30,258.86,258.97,257.98,258.58,19850,51784
2010-05-03,257.67,258.38,257.33,257.58,20,66
2010-05-04,260.0,260.08,258.6,258.61,23662,48410
2010-05-05,257.0,257.48,255.72,257.33,24552,47338
2010-05-06,257.86,258.5,257.7,258.2,27734,49052
2010-05-07,264.0,264.61,263.31,264.6,34792,52284
2010-05-10,263.99,264.67,262.64,262.75,37106,54176
2010-05-11,264.14,265.75,264.14,265.64,33772,56568
2010-05-12,269.7,271.24,269.18,270.17,46428,58840
2010-05-13,271.01,271.83,270.91,271.14,37740,59050
2010-05-14,271.14,272.3,270.74,271.32,40830,59388
2010-05-17,271.32,273.58,271.32,271.89,66552,59846
2010-05-18,269.86,270.0,267.3,267.62,56578,60814
2010-05-19,268.99,269.5,265.61,266.29,75546,58434
2010-05-20,262.0,263.8,260.37,261.27,64916,54182
2010-05-21,260.4,261.2,257.5,259.72,73574,51498
2010-05-24,260.84,262.56,260.39,262.25,44208,51298
2010-05-25,261.7,263.55,261.5,262.17,54428,53412
2010-05-26,265.0,266.25,264.52,265.8,44236,55272
2010-05-27,266.8,267.98,266.2,266.7,48384,53332
2010-05-28,266.5,267.7,265.45,267.68,50270,53474
2010-05-31,266.43,267.53,266.17,266.54,31608,51022
2010-06-01,269.0,269.35,268.3,268.59,46650,52906
2010-06-02,269.27,269.8,268.63,268.71,42082,53002
2010-06-03,269.09,269.36,268.2,269.18,33872,53172
2010-06-04,265.0,265.58,263.64,264.82,44450,56686
2010-06-07,267.0,268.16,266.82,267.77,43016,53982
2010-06-08,272.32,273.0,271.9,272.9,38104,55064
2010-06-09,272.24,272.34,271.0,271.35,44988,58402
2010-06-10,270.49,271.6,269.25,270.24,39270,49918
2010-06-11,268.0,268.69,267.81,268.44,23324,45656
2010-06-14,268.0,268.69,267.81,268.44,23324,45656
2010-06-17,271.06,271.8,270.8,271.47,22766,48810
2010-06-18,274.09,274.33,273.35,273.93,39298,59884
2010-06-21,276.56,277.01,275.86,276.98,41182,66788
2010-06-22,271.72,272.19,270.88,271.24,43244,57384
2010-06-23,271.36,272.45,271.36,272.08,22152,56522
2010-06-24,271.17,271.54,270.61,270.75,21380,57942
2010-06-25,272.9,273.58,272.64,272.95,25832,56240
2010-06-28,276.0,276.19,274.85,274.91,21814,55978
2010-06-29,271.99,271.99,270.45,270.6,33154,54918
2010-06-30,272.06,272.48,271.56,272.04,24188,53912
2010-07-01,271.05,271.6,270.72,270.8,25238,56312
2010-07-02,262.53,263.87,261.88,263.12,47410,53962
2010-07-05,263.98,264.83,263.7,264.26,21122,54586
2010-07-06,262.88,264.0,262.5,263.01,25252,53074
2010-07-07,260.95,261.27,259.17,259.4,37286,54342
2010-07-08,263.02,263.48,262.6,263.16,26662,50026
2010-07-09,261.18,261.88,261.12,261.36,20958,49492
2010-07-12,264.0,264.04,263.3,263.3,21098,50614
2010-07-13,261.5,261.98,261.15,261.2,24626,51262
2010-07-14,264.0,264.95,263.81,264.6,28432,52468
2010-07-15,264.09,264.68,263.7,263.75,19926,50604
2010-07-16,264.0,264.15,263.0,263.02,21536,51270
2010-07-19,259.9,260.74,259.88,260.3,30682,53302
2010-07-20,258.3,259.2,258.25,258.85,28818,54396
2010-07-21,260.65,260.65,259.73,259.76,21112,53542
2010-07-22,259.1,259.6,258.25,258.73,25562,54750
2010-07-23,260.99,261.63,260.71,261.46,24718,52974
2010-07-26,260.22,261.28,260.22,261.12,17752,54242
2010-07-27,259.48,259.72,259.15,259.46,19310,52898
2010-07-28,254.83,255.46,254.68,255.18,30888,54208
2010-07-29,255.6,256.2,255.24,256.17,22442,56706
2010-07-30,255.61,256.29,255.36,255.94,20384,55000
2010-08-02,258.6,259.46,258.5,259.25,22792,53536
2010-08-03,259.38,259.45,258.88,258.95,16370,54160
2010-08-04,260.7,261.69,260.52,261.57,26324,57010
2010-08-05,261.86,261.97,261.17,261.4,15292,55316
2010-08-06,261.4,262.9,261.24,262.9,14528,55174
2010-08-09,263.79,264.8,263.43,264.63,21442,56928
2010-08-10,262.98,263.17,262.0,262.0,17080,54502
2010-08-11,263.15,263.75,262.01,262.43,17026,54134
2010-08-12,262.86,262.98,262.3,262.88,13234,54394
2010-08-13,265.5,266.96,265.4,266.73,23508,56660
2010-08-16,266.86,268.05,266.77,267.48,20088,59270
2010-08-17,268.5,268.58,267.53,267.8,18196,57332
2010-08-18,268.08,268.26,267.4,267.55,14844,55066
2010-08-19,268.83,269.15,268.62,268.98,13192,54500
2010-08-20,269.13,269.2,268.61,268.78,14916,50706
2010-08-23,268.47,268.96,268.32,268.6,12292,50882
2010-08-24,267.08,267.42,266.82,266.86,13486,50222
2010-08-25,269.0,269.8,268.83,269.8,19852,51048
2010-08-26,271.11,271.52,270.73,271.11,18426,51556
2010-08-27,270.05,270.55,270.05,270.22,11954,51516
2010-08-30,269.82,270.45,269.82,270.41,13000,50804
2010-08-31,270.38,271.19,270.01,270.28,17014,50998
2010-09-01,272.63,274.29,272.63,274.1,21192,52184
2010-09-02,273.11,273.42,272.92,273.1,13358,52670
2010-09-03,274.24,274.24,273.5,273.72,9532,54194
2010-09-06,272.63,273.46,272.45,273.25,11320,52258
2010-09-07,272.96,273.28,272.72,273.15,10130,51492
2010-09-08,274.59,275.5,274.53,275.33,15884,54386
2010-09-09,273.96,274.32,273.58,273.83,23692,47518
2010-09-10,271.68,272.16,271.56,272.01,13612,45452
2010-09-13,271.77,272.19,271.65,272.08,9122,45896
2010-09-14,272.68,272.71,272.03,272.6,13242,46550
2010-09-15,277.1,277.1,276.15,276.55,34820,54612
2010-09-16,275.96,276.55,275.56,275.95,16342,54032
2010-09-17,277.13,278.35,276.6,278.24,22150,52574
2010-09-20,277.5,279.2,277.5,279.2,19264,51670
2010-09-21,278.13,278.17,277.3,277.4,14914,49126
2010-09-27,281.51,281.6,279.71,281.14,16508,49988
2010-09-28,279.5,280.14,279.38,279.45,10616,49056
2010-09-29,283.0,283.26,282.22,283.19,13600,49276
2010-09-30,282.5,284.59,282.1,284.11,17228,51560
2010-10-07,282.28,284.49,282.26,284.17,1046,4518
2010-10-08,285.1,287.33,285.02,285.69,27108,44334
2010-10-11,289.85,291.46,289.8,290.85,29380,54594
2010-10-12,291.0,291.59,289.83,290.09,21102,53412
2010-10-13,292.0,293.2,291.3,292.47,24142,58100
2010-10-14,296.1,297.83,295.8,297.47,25754,55722
2010-10-15,296.13,297.56,295.88,297.16,16436,54418
2010-10-18,292.0,292.89,291.26,292.41,23972,48006
2010-10-19,293.91,294.6,293.03,293.34,15402,47044
2010-10-20,286.6,287.6,286.6,286.99,30388,33388
2010-10-21,288.6,288.6,286.8,286.95,13572,27290
2010-10-22,285.74,286.69,285.58,285.97,14690,30900
2010-10-25,288.69,291.5,288.69,291.5,26286,41540
2010-10-26,290.9,291.19,289.1,289.28,23402,45556
2010-10-27,290.89,291.0,287.5,287.83,28762,48994
2010-10-28,287.88,287.99,287.08,287.55,15034,53180
2010-10-29,290.0,290.39,289.31,290.01,22482,55768
2010-11-01,293.48,295.4,292.61,295.27,24076,60786
2010-11-02,293.33,294.38,293.01,294.28,14764,61516
2010-11-03,293.44,293.97,292.1,292.39,19246,59344
2010-11-04,291.88,307.0,291.5,293.67,24400,63818
2010-11-05,300.0,302.98,299.7,301.24,28842,69116
2010-11-08,302.51,303.4,301.1,301.62,25836,70664
2010-11-09,304.33,314.0,304.1,311.23,57822,82598
2010-11-10,305.19,311.47,304.17,305.76,73698,82248
2010-11-11,307.89,309.03,305.96,307.16,40290,85724
2010-11-12,306.95,307.31,295.03,301.0,92764,70260
2010-11-15,298.0,298.7,294.6,295.9,47410,65956
2010-11-16,295.02,295.88,294.0,294.55,34130,34130
2010-11-17,288.85,289.71,288.14,288.43,52908,56146
2010-11-18,291.44,293.3,291.11,292.99,37008,37008
2010-11-19,294.5,294.7,292.71,294.0,24500,58902
2010-11-22,293.53,295.98,293.18,294.31,24038,62580
2010-11-23,295.03,295.38,293.52,294.98,29744,60128
2010-11-24,296.85,298.97,296.8,298.68,36412,69100
2010-11-25,297.2,297.55,296.3,297.45,20838,69244
2010-11-26,297.4,297.74,295.0,295.21,31486,63120
2010-11-29,292.0,295.54,292.0,294.8,24566,61888
2010-11-30,296.3,296.57,295.61,296.31,19932,63820
2010-12-01,300.37,304.27,299.8,303.95,34258,73578
2010-12-02,303.0,305.01,303.0,304.96,24484,79744
2010-12-03,304.32,304.8,302.94,303.65,20782,81122
2010-12-06,308.98,309.93,307.7,308.51,24876,84526
2010-12-07,310.02,310.7,308.0,309.84,22966,84262
2010-12-08,304.0,304.8,300.66,301.3,42622,70240
2010-12-09,300.93,301.15,299.66,300.35,24922,69320
2010-12-10,300.88,302.19,300.52,301.38,16936,69844
2010-12-13,300.22,302.5,299.8,302.34,17572,73336
2010-12-14,304.68,306.47,303.75,305.95,24984,77706
2010-12-15,304.0,304.0,300.99,301.1,27918,66814
2010-12-16,299.01,300.28,298.69,300.25,19962,65558
2010-12-17,298.95,299.8,298.35,299.53,17958,68184
2010-12-20,301.55,302.6,301.39,302.35,33136,76414
2010-12-21,301.51,302.45,301.35,302.38,16924,74164
2010-12-22,302.7,303.09,302.01,302.33,13410,71724
2010-12-23,302.0,302.39,301.16,302.01,10228,69196
2010-12-24,300.38,301.5,300.12,301.5,7764,69122
2010-12-27,300.0,301.9,299.4,301.6,12198,70264
2010-12-28,302.0,304.38,301.86,303.73,23022,77110
2010-12-29,306.0,307.15,305.5,307.1,19566,76058
2010-12-30,307.23,309.1,307.23,308.37,19304,79044
2010-12-31,306.68,309.13,306.47,309.11,18322,77990
2011-01-04,308.79,309.29,307.63,307.81,21202,72646
2011-01-05,300.0,300.8,298.88,299.95,39874,62610
2011-01-06,299.3,299.6,298.82,298.91,17494,66980
2011-01-07,298.0,298.4,296.83,297.01,26024,65918
2011-01-10,298.01,299.47,297.79,299.21,16818,67660
2011-01-11,299.22,299.73,298.83,299.66,12766,65286
2011-01-12,300.97,301.29,300.41,301.06,12006,64210
2011-01-13,301.38,301.38,299.61,299.84,14382,63256
2011-01-14,298.84,298.84,297.0,297.4,13028,62484
2011-01-17,295.46,295.81,292.44,292.75,28964,54810
2011-01-18,293.45,294.7,293.12,294.33,13558,53744
2011-01-19,295.45,296.06,295.1,295.86,11696,54398
2011-01-20,294.37,294.49,293.28,293.3,13676,55334
2011-01-21,288.83,290.35,288.83,290.2,17514,52346
2011-01-24,290.74,292.38,290.6,291.6,15424,54184
2011-01-25,288.28,288.3,287.32,287.75,13782,53132
2011-01-26,288.25,297.74,288.13,288.95,16580,53792
2011-01-27,290.51,291.37,290.1,290.41,12208,54494
2011-01-28,283.5,284.73,283.28,284.73,17086,54952
2011-01-31,289.93,289.97,287.94,288.35,14784,54348
2011-02-01,288.91,289.61,288.59,289.61,14014,56964
2011-02-09,293.9,294.52,292.8,292.96,16022,52536
2011-02-10,292.66,293.15,292.56,292.7,7068,53118
2011-02-11,293.5,294.18,292.93,293.32,10452,52360
2011-02-14,292.0,293.1,291.93,293.0,7616,53766
2011-02-15,293.78,294.48,293.32,293.59,9080,53818
2011-02-16,294.78,295.98,294.78,295.88,9814,52686
2011-02-17,295.55,296.39,295.53,296.06,9196,52844
2011-02-18,297.02,297.77,297.02,297.42,9702,54394
2011-02-21,298.79,299.61,298.68,299.27,10378,55572
2011-02-22,301.54,302.11,298.9,299.5,24686,53274
2011-02-23,298.23,299.75,298.1,299.7,9420,51888
2011-02-24,302.99,303.0,300.1,301.2,15986,52752
2011-02-25,299.6,299.96,284.3,299.61,10994,52110
2011-02-28,301.7,301.9,300.51,301.28,10578,52200
2011-03-01,300.3,302.1,299.5,302.0,15390,52124
2011-03-02,304.83,304.97,303.35,303.58,17504,51414
2011-03-03,304.0,304.42,301.08,301.61,17128,51496
2011-03-04,300.98,301.11,299.8,299.99,10534,49930
2011-03-07,303.1,304.54,302.86,304.33,13578,51298
2011-03-08,302.83,303.32,301.37,301.92,16952,51390
2011-03-09,301.56,302.3,300.85,301.78,8902,50740
2011-03-10,301.7,303.31,301.49,303.17,14034,50820
2011-03-11,299.89,300.69,299.05,299.12,16716,48646
2011-03-14,302.6,302.99,300.21,301.26,13776,48052
2011-03-15,301.47,301.47,298.36,299.38,16504,47780
2011-03-16,296.15,297.1,295.55,296.82,13982,45652
2011-03-17,294.76,295.8,294.76,295.8,8940,45316
2011-03-18,298.0,299.29,297.98,299.05,11818,45136
2011-03-21,302.53,303.84,302.23,303.1,17756,45722
2011-03-22,302.9,303.08,302.0,302.29,11292,45120
2011-03-23,302.0,302.75,301.94,302.42,8702,44084
2011-03-24,304.0,304.08,303.26,303.3,9984,42094
2011-03-25,302.38,303.3,302.27,303.28,7794,40324
2011-03-28,301.28,302.1,299.7,299.9,10668,39934
2011-03-29,299.5,300.45,299.38,299.82,7600,38286
2011-03-30,299.97,300.5,299.08,300.35,7570,37726
2011-03-31,300.8,301.3,300.47,301.26,5554,37444
2011-04-01,302.03,302.27,301.32,301.89,7342,36726
2011-04-06,304.95,306.17,304.89,306.13,15904,33854
2011-04-07,305.87,306.22,305.31,305.33,8766,31730
2011-04-08,305.94,307.96,305.93,307.8,8812,30414
2011-04-11,309.5,309.5,307.0,307.47,9788,30226
2011-04-12,305.01,306.36,304.97,305.89,9040,25670
2011-04-13,305.97,307.49,305.38,307.11,6020,23782
2011-04-14,308.0,309.23,307.66,309.0,7296,23070
2011-04-15,311.32,311.58,310.42,310.5,12288,25866
2011-04-18,312.0,312.35,311.11,312.22,12530,29812
2011-04-19,312.89,313.3,311.1,311.25,20332,32786
2011-04-20,312.18,314.68,312.12,314.54,20838,39944
2011-04-21,316.0,316.29,314.57,315.14,19248,41802
2011-04-22,314.77,315.73,314.77,315.64,8958,42116
2011-04-25,317.02,317.12,315.53,316.69,16162,44952
2011-04-26,313.49,313.51,312.25,312.8,28688,41632
2011-04-27,314.2,314.8,313.35,313.36,15906,44676
2011-04-28,317.18,318.56,317.12,318.1,25064,48114
2011-04-29,318.81,318.92,317.25,317.4,18524,49564
2011-05-03,318.0,318.3,316.35,317.15,22722,52540
2011-05-04,315.98,316.19,314.15,314.21,30008,54784
2011-05-05,313.39,313.39,312.0,313.11,31644,54534
2011-05-06,308.9,310.03,308.1,309.38,30998,50956
2011-05-09,310.0,310.99,309.51,310.9,21630,55592
2011-05-10,311.0,312.64,310.9,312.09,23524,58638
2011-05-11,313.5,314.65,313.4,314.64,20268,62654
2011-05-12,312.18,312.89,309.67,310.1,35394,56040
2011-05-13,312.0,314.28,311.98,314.24,27546,55510
2011-05-16,311.53,311.59,310.71,310.9,23312,54744
2011-05-17,310.8,311.82,310.66,311.59,19974,52074
2011-05-18,311.0,311.63,310.5,310.86,21510,51402
2011-05-19,312.47,312.9,312.0,312.37,19812,51552
2011-05-20,312.4,313.25,312.38,313.24,13416,48682
2011-05-23,315.3,315.3,314.06,314.14,13246,49158
2011-05-24,316.0,317.31,316.0,317.09,15264,47894
2011-05-25,317.5,317.89,316.6,317.23,13878,48834
2011-05-26,318.1,318.5,317.8,317.9,11786,49260
2011-05-27,317.78,317.85,317.02,317.54,10912,47272
2011-05-30,319.13,319.92,319.13,319.49,13096,49086
2011-05-31,320.8,321.0,319.71,320.01,11824,49170
2011-06-01,319.7,319.7,317.25,317.53,18538,49856
2011-06-02,319.19,320.3,319.05,320.25,19372,49246
2011-06-03,319.4,319.6,319.0,319.35,12096,46866
2011-06-07,321.1,321.4,320.55,321.3,16658,49780
2011-06-08,320.6,320.8,320.0,320.05,13974,49468
2011-06-09,319.99,320.0,318.87,319.0,11820,49928
2011-06-10,320.8,321.02,320.43,320.56,9854,50078
2011-06-13,318.99,319.26,318.0,318.5,12528,49368
2011-06-14,316.5,317.19,316.3,317.11,11606,49354
2011-06-15,317.87,318.06,317.12,317.19,9166,48830
2011-06-16,318.0,318.4,317.81,318.15,9804,49734
2011-06-17,318.3,318.47,317.61,317.66,8938,49200
2011-06-20,319.85,320.88,319.85,320.27,12502,48548
2011-06-21,320.97,321.89,320.62,321.31,13322,48042
2011-06-22,321.92,322.18,321.2,321.2,8226,47998
2011-06-23,321.4,321.5,320.83,321.07,10174,49082
2011-06-24,317.5,337.27,316.61,316.82,22780,47900
2011-06-27,313.3,313.5,311.52,311.52,20898,47262
2011-06-28,313.08,313.35,311.52,312.16,13052,46730
2011-06-29,313.3,313.73,313.05,313.57,10390,46664
2011-06-30,314.4,314.98,313.9,314.18,13118,45620
2011-07-01,312.01,312.44,311.67,311.8,14302,46332
2011-07-04,311.38,312.08,310.93,311.95,22718,44612
2011-07-05,312.33,312.87,311.16,311.24,13566,46662
2011-07-06,315.0,316.63,314.88,316.56,18922,43092
2011-07-07,318.02,320.11,317.55,319.55,16230,41600
2011-07-08,319.01,320.0,319.01,319.19,8718,40804
2011-07-11,321.41,322.17,321.13,321.86,15988,44596
2011-07-12,323.09,323.48,321.9,322.07,16038,45408
2011-07-13,325.58,326.95,325.58,326.66,22456,48610
2011-07-14,330.0,330.3,328.51,329.67,20592,50206
2011-07-15,329.53,329.9,328.0,328.11,24342,50030
2011-07-18,330.99,332.5,330.8,332.48,25986,56010
2011-07-19,333.1,334.25,332.61,334.11,19188,56402
2011-07-20,330.23,331.64,330.23,330.59,20148,54788
2011-07-21,332.78,333.68,332.33,333.45,19296,57438
2011-07-22,331.1,331.4,329.83,330.2,22248,50118
2011-07-25,335.85,336.29,334.3,336.1,19212,52960
2011-07-26,334.92,335.76,334.7,335.41,12456,51878
2011-07-27,336.75,337.43,336.2,336.62,18812,53736
2011-07-28,334.7,335.75,334.65,335.21,15138,51540
2011-07-29,335.4,335.92,334.41,334.48,18600,50820
2011-08-01,333.94,334.7,333.07,333.51,19386,51440
2011-08-02,335.0,336.06,334.67,335.58,21332,55998
2011-08-03,341.0,345.8,340.6,345.3,60610,70238
2011-08-04,345.0,346.99,344.31,345.62,64268,73610
2011-08-05,341.02,345.47,341.02,344.08,65082,72136
2011-08-08,349.6,356.2,349.6,354.47,99700,75992
2011-08-09,358.0,365.02,358.0,362.46,167118,78434
2011-08-10,362.03,364.33,360.06,361.78,140262,84840
2011-08-11,372.18,374.75,366.66,367.43,157554,82594
2011-08-12,363.66,365.75,361.5,362.99,138760,81670
2011-08-15,359.6,362.66,359.5,360.27,96730,79848
2011-08-16,365.09,366.6,364.04,366.46,88014,87438
2011-08-17,368.92,369.76,367.2,369.31,83620,89648
2011-08-18,368.0,370.61,367.93,370.38,74180,94814
2011-08-19,379.0,383.89,378.1,383.8,144632,107210
2011-08-22,387.71,392.67,384.67,392.38,215912,110962
2011-08-23,394.2,394.6,390.9,391.69,225334,109760
2011-08-24,382.0,384.49,380.5,380.9,222524,104104
2011-08-25,363.51,366.62,363.51,363.51,162386,86882
2011-08-26,366.0,370.4,364.45,367.8,290460,83144
2011-08-29,374.5,377.39,373.5,376.79,243114,90168
2011-08-30,372.95,373.85,371.2,372.3,173142,92800
2011-08-31,378.03,380.26,377.91,380.19,139162,100202
2011-09-01,378.89,378.92,376.22,376.31,162496,98446
2011-09-02,377.8,381.5,377.61,381.24,122968,104084
2011-09-05,389.17,390.66,387.85,390.6,159716,102570
2011-09-06,392.06,398.08,391.5,395.25,260000,104630
2011-09-07,388.97,389.88,376.82,378.7,320426,96958
2011-09-08,378.7,382.1,377.9,382.0,296516,97768
2011-09-09,384.4,389.28,383.11,388.31,291588,0
2011-09-13,378.2,380.0,376.67,378.59,206798,94890
2011-09-14,381.97,383.04,376.84,378.33,218396,99614
2011-09-15,378.01,378.58,373.1,375.54,259918,93792
2011-09-16,369.0,369.5,364.82,365.71,210454,88398
2011-09-19,376.2,378.03,375.4,377.96,170324,82012
2011-09-20,369.08,369.5,366.16,368.8,163546,83700
2011-09-21,373.39,375.54,371.73,375.2,162338,83204
2011-09-22,368.29,369.44,366.22,367.01,201854,81856
2011-09-23,361.48,363.68,355.88,361.24,225766,73048
2011-09-26,341.94,344.29,341.94,341.94,43018,63520
2011-09-27,338.34,343.56,336.21,341.44,238134,60898
2011-09-28,339.99,341.8,337.05,341.27,163330,58388
2011-09-29,327.03,336.47,327.02,335.09,157916,49388
2011-09-30,334.78,339.6,334.6,338.39,113756,51834
2011-10-10,341.0,342.6,340.94,341.63,54982,51058
2011-10-11,345.8,348.35,345.23,345.93,100124,54098
2011-10-12,344.51,346.87,343.59,346.83,86014,56558
2011-10-13,348.0,348.7,345.32,346.42,80182,53784
2011-10-14,344.17,346.12,343.54,346.09,62788,52382
2011-10-17,347.01,348.2,346.65,347.35,53818,50738
2011-10-18,346.75,346.9,343.0,343.01,68924,57904
2011-10-19,343.08,345.49,340.33,340.53,94936,56508
2011-10-20,336.0,336.51,329.09,333.28,162768,55660
2011-10-21,332.98,337.0,332.9,335.25,78198,42518
2011-10-24,339.4,342.54,337.2,341.7,82178,33864
2011-10-25,341.9,343.7,340.5,341.1,48266,25890
2011-10-26,352.95,355.51,352.1,354.14,79682,49558
2011-10-27,355.8,357.16,354.9,355.44,49954,50020
2011-10-28,361.81,362.55,357.67,357.93,61204,53836
2011-10-31,358.79,359.55,350.6,352.62,94220,53558
2011-11-01,353.5,355.0,352.63,352.66,44304,54796
2011-11-02,353.85,357.0,353.7,355.8,71370,59020
2011-11-03,356.98,357.16,353.65,355.98,67040,61170
2011-11-04,361.61,362.99,361.0,362.03,53180,62012
2011-11-07,362.09,364.92,362.09,364.6,66574,72308
2011-11-08,368.57,369.13,367.79,368.18,60424,72688
2011-11-09,368.18,369.1,366.52,367.02,57632,70298
2011-11-10,363.21,363.84,359.2,360.15,105008,69666
2011-11-11,359.19,363.6,359.11,362.9,64932,68106
2011-11-14,367.51,369.28,367.36,367.36,58254,68672
2011-11-15,365.9,366.81,362.75,363.53,59694,67814
2011-11-16,366.02,366.65,362.06,362.82,67142,69412
2011-11-17,362.31,363.29,360.86,362.88,55382,70152
2011-11-18,352.67,354.96,351.5,353.56,72574,71144
2011-11-21,352.63,354.48,351.9,353.71,60016,73164
2011-11-22,346.0,347.8,345.04,346.59,62686,70306
2011-11-23,349.51,351.61,349.31,351.0,57924,71588
2011-11-24,348.59,349.38,347.95,348.8,53546,72398
2011-11-25,348.0,348.85,346.35,346.5,49166,79090
2011-11-28,349.23,351.95,349.23,351.23,60382,76424
2011-11-29,352.0,353.1,351.31,352.7,44094,78806
2011-11-30,354.29,355.48,353.2,353.22,69898,80144
2011-12-01,360.6,361.98,358.75,359.0,65886,74956
2011-12-05,360.14,360.14,358.66,359.0,38906,76338
2011-12-06,354.54,354.88,351.89,352.75,56034,81540
2011-12-07,356.17,356.23,355.51,356.21,36662,81458
2011-12-08,357.85,357.93,357.0,357.9,32000,80468
2011-12-09,352.34,352.99,351.24,351.35,46260,85036
2011-12-12,352.63,352.7,346.0,346.96,80720,99946
2011-12-13,342.5,342.8,339.47,339.66,92710,103154
2011-12-14,336.39,338.1,336.01,337.53,74652,98392
2011-12-15,325.79,325.99,322.33,322.33,116566,105716
2011-12-16,325.01,328.89,324.75,328.75,104306,101900
2011-12-19,329.5,329.56,326.36,328.45,111768,107782
2011-12-20,329.17,329.73,328.24,329.7,80518,104278
2011-12-21,334.0,335.13,333.03,334.48,67334,101762
2011-12-22,332.32,332.48,329.24,331.51,99292,102730
2011-12-23,331.19,332.31,330.63,330.92,71686,97248
2011-12-26,330.22,330.66,326.44,327.35,90440,100770
2011-12-27,327.4,328.33,325.96,326.23,70162,104960
2011-12-28,324.6,325.66,323.84,324.18,73048,108322
2011-12-29,318.0,318.49,315.93,316.0,75388,116144
2011-12-30,317.8,320.2,317.6,319.45,97682,97972
2012-01-04,328.98,328.98,325.67,327.33,84528,94996
2012-01-05,330.0,332.1,328.67,331.95,81846,95130
2012-01-06,331.13,333.66,330.76,333.41,94146,87732
2012-01-09,330.0,330.76,328.61,330.3,69124,86548
2012-01-10,330.18,332.71,329.94,332.2,63600,82846
2012-01-11,334.88,336.32,333.84,336.2,61456,81672
2012-01-12,336.14,337.6,335.71,336.98,55546,81180
2012-01-13,337.23,337.23,333.52,336.65,112706,82810
2012-01-16,334.18,336.38,333.61,335.15,66672,81748
2012-01-17,336.4,340.15,336.33,339.77,68104,78720
2012-01-18,338.33,339.3,336.05,338.65,71258,76824
2012-01-19,339.0,341.1,338.9,340.68,47288,75566
2012-01-20,339.14,339.63,337.9,339.57,53370,77504
2012-01-30,354.0,354.78,352.59,353.21,58930,73298
2012-01-31,354.13,355.7,354.13,355.04,53062,74440
2012-02-01,354.88,355.81,353.96,354.07,55802,77492
2012-02-02,357.21,357.88,356.08,356.84,60364,80644
2012-02-03,358.57,358.88,358.08,358.59,43908,82250
2012-02-06,353.26,354.64,353.26,353.36,58894,76386
2012-02-07,351.38,352.63,351.08,352.63,56500,75158
2012-02-08,356.19,357.82,356.16,357.66,56860,81042
2012-02-09,353.4,355.13,352.35,355.09,61206,78536
2012-02-10,353.0,354.08,352.79,353.1,49510,78098
2012-02-13,351.79,353.18,351.34,352.56,47128,77212
2012-02-14,351.46,351.85,349.9,350.3,45314,77276
2012-02-15,351.2,352.7,351.18,352.18,46580,77176
2012-02-16,352.33,352.33,349.99,350.81,67264,76574
2012-02-17,353.0,354.02,353.0,353.34,55068,77460
2012-02-20,354.11,354.62,353.71,353.73,40452,77298
2012-02-21,353.91,355.8,353.34,355.59,51688,81838
2012-02-22,358.31,358.49,357.8,358.22,35098,78454
2012-02-23,361.63,362.51,361.34,362.47,48592,85386
2012-02-24,362.44,363.09,361.9,362.31,43366,83320
2012-02-27,361.51,362.78,360.81,360.9,40432,83180
2012-02-28,360.5,361.96,360.24,361.92,41098,82564
2012-02-29,364.14,364.9,363.83,364.75,36556,82558
2012-03-01,348.83,351.65,348.83,349.83,103474,73914
2012-03-02,350.85,351.68,350.4,350.49,46134,76014
2012-03-05,349.55,350.39,348.6,348.82,50688,75830
2012-03-06,348.4,348.89,346.7,346.76,49458,73536
2012-03-07,341.92,342.58,341.2,341.28,53896,73900
2012-03-08,343.61,344.68,343.29,344.61,34218,73584
2012-03-09,346.7,348.22,346.25,347.67,44950,71964
2012-03-12,349.18,349.64,347.26,347.96,49552,67324
2012-03-13,347.37,348.13,347.3,347.55,34830,66530
2012-03-14,342.57,343.29,341.1,341.39,67038,72984
2012-03-15,335.23,338.07,335.08,337.36,69306,78968
2012-03-16,339.36,340.98,339.11,340.7,48050,78100
2012-03-19,340.29,341.3,340.06,340.92,35598,79898
2012-03-20,341.0,341.24,338.36,338.52,53172,77758
2012-03-21,338.78,339.41,337.56,338.6,46036,76716
2012-03-22,338.4,339.2,337.29,337.99,44366,75292
2012-03-23,337.51,338.08,336.21,337.21,49178,79540
2012-03-26,340.86,342.16,340.09,340.78,36238,79278
2012-03-27,345.78,345.99,345.08,345.84,37540,73488
2012-03-28,344.11,344.2,342.3,342.4,31972,68046
2012-03-29,340.0,340.18,338.63,339.97,35732,62636
2012-03-30,340.07,340.38,339.65,340.2,27388,59994
2012-04-05,332.1,333.47,332.06,333.06,32836,66074
2012-04-06,334.0,334.4,332.8,334.4,22144,63494
2012-04-09,335.63,336.8,334.8,336.42,31908,59572
2012-04-10,337.0,339.9,337.0,337.7,42800,50960
2012-04-11,339.11,340.25,338.7,340.23,36306,57262
2012-04-12,339.77,339.92,338.99,339.4,26934,54998
2012-04-13,343.0,343.1,342.13,342.62,28896,61044
2012-04-16,338.45,338.45,335.6,335.8,47934,66546
2012-04-17,337.64,337.7,336.3,336.3,32514,73178
2012-04-18,337.62,338.65,337.19,338.46,41382,76102
2012-04-19,336.0,336.1,335.0,336.01,39990,81860
2012-04-20,335.8,337.08,335.8,336.3,34880,85148
2012-04-23,335.65,336.46,335.65,335.92,27114,87968
2012-04-24,335.35,335.98,334.81,335.12,41058,92132
2012-04-25,336.48,336.57,335.98,336.2,26172,91278
2012-04-26,336.49,338.04,336.48,338.03,38702,100794
2012-04-27,339.34,339.44,338.17,338.22,36908,96104
2012-05-02,340.0,340.0,337.97,338.15,40734,99434
2012-05-03,337.9,338.09,335.81,335.92,33914,103994
2012-05-04,334.51,335.05,334.18,334.56,34154,107748
2012-05-07,335.34,335.79,334.2,335.39,48066,111030
2012-05-08,334.94,335.29,333.5,333.59,44376,115702
2012-05-09,328.0,328.38,325.54,325.98,74534,121398
2012-05-10,326.37,326.84,325.81,326.41,45274,121420
2012-05-11,326.0,326.07,323.9,324.16,60604,124422
2012-05-14,324.59,324.94,322.58,322.89,53216,120860
2012-05-15,318.95,319.28,317.27,318.91,70276,123310
2012-05-16,315.8,316.78,313.72,313.95,73582,126852
2012-05-17,316.97,318.96,316.55,318.31,62388,126440
2012-05-18,323.0,323.78,321.74,323.19,74954,128512
2012-05-21,327.0,327.99,326.96,327.63,49428,122704
2012-05-22,326.45,327.03,325.15,325.26,41462,120600
2012-05-23,319.62,320.55,318.92,320.02,63048,120402
2012-05-24,320.27,322.52,319.3,321.4,64848,121800
2012-05-25,320.33,322.78,318.82,321.74,77752,127352
2012-05-28,323.77,326.63,323.65,326.3,52194,124438
2012-05-29,324.49,325.97,324.16,325.5,48716,124710
2012-05-30,320.31,320.8,318.88,319.86,62898,123820
2012-05-31,322.64,324.43,322.22,323.01,63652,131874
2012-06-01,321.39,322.9,320.7,322.63,51008,129604
2012-06-04,333.5,337.04,333.02,335.67,107284,127204
2012-06-05,335.12,336.06,333.65,334.36,63156,125912
2012-06-06,336.94,337.3,335.57,336.4,73350,126446
2012-06-07,335.48,335.6,333.89,334.7,66446,115322
2012-06-08,327.03,327.75,322.51,324.92,90694,113358
2012-06-11,330.95,331.4,329.13,329.88,59312,113932
2012-06-12,328.62,329.2,327.76,328.34,47782,117286
2012-06-13,331.0,332.69,330.88,332.58,52132,114574
2012-06-14,333.4,335.01,333.1,333.61,42562,115506
2012-06-15,334.43,335.68,334.37,335.31,50412,113708
2012-06-18,335.73,336.45,333.31,333.5,58604,118914
2012-06-19,335.56,336.18,335.14,335.56,37686,113600
2012-06-20,333.32,334.15,332.9,333.49,34266,116606
2012-06-21,329.31,330.7,328.69,330.37,45710,112634
2012-06-25,325.0,325.58,324.2,325.14,41032,115638
2012-06-26,327.6,327.77,326.45,326.9,27880,113204
2012-06-27,325.0,325.42,323.82,324.35,34948,115272
2012-06-28,326.01,326.41,325.08,325.38,35236,112988
2012-06-29,321.34,325.13,321.06,324.6,57122,112016
2012-07-02,329.2,329.21,327.71,328.13,41244,109474
2012-07-03,329.2,331.8,328.89,331.78,46312,111686
2012-07-04,333.35,333.87,332.8,333.3,35464,109494
2012-07-05,333.32,334.0,332.55,333.8,38600,112732
2012-07-06,331.76,331.82,330.4,330.59,38478,111146
2012-07-09,327.0,327.5,326.5,326.94,39632,112080
2012-07-10,327.5,328.37,327.08,327.3,33144,113324
2012-07-11,325.0,326.35,324.88,326.12,40936,116332
2012-07-12,326.0,326.08,324.2,324.7,49696,118982
2012-07-13,324.7,326.99,324.64,326.44,49290,125122
2012-07-16,328.23,329.26,325.42,328.82,46394,118176
2012-07-17,329.74,330.37,328.73,329.64,45130,117402
2012-07-18,328.04,328.34,326.2,327.13,44252,117736
2012-07-19,326.17,327.68,326.11,326.95,45706,120638
2012-07-20,327.3,327.66,326.94,327.5,40692,117892
2012-07-23,326.75,327.22,325.61,326.15,49470,122678
2012-07-24,326.38,327.28,326.0,326.5,48332,120902
2012-07-25,327.0,328.64,327.0,327.49,65674,125932
2012-07-26,331.73,333.19,331.2,332.88,65218,130442
2012-07-27,333.88,335.48,333.43,335.3,53714,129308
2012-07-30,335.71,335.85,334.01,334.45,48702,127662
2012-07-31,334.97,336.26,334.92,335.58,46586,125440
2012-08-01,333.27,334.36,332.86,334.12,36476,127758
2012-08-02,331.0,331.98,330.55,331.48,37200,126872
2012-08-03,329.0,329.96,329.0,329.85,31712,124338
2012-08-06,332.1,333.28,332.04,332.79,35680,125288
2012-08-07,333.75,333.95,333.06,333.68,29604,121850
2012-08-08,333.42,333.8,332.45,332.55,31298,118234
2012-08-09,333.82,335.0,333.8,334.81,37382,121626
2012-08-10,334.39,334.53,333.4,334.0,31950,120090
2012-08-13,335.08,336.49,334.95,336.02,50630,123678
2012-08-14,333.74,334.28,333.33,334.03,39790,120848
2012-08-15,331.28,331.91,330.9,331.2,33816,123080
2012-08-16,332.47,332.84,331.51,331.71,33088,122260
2012-08-17,334.7,335.49,334.43,335.34,31248,119602
2012-08-20,334.74,335.43,334.41,335.13,25632,121538
2012-08-21,335.28,336.4,335.28,336.3,30532,125378
2012-08-22,338.82,339.8,338.8,339.51,38854,128962
2012-08-23,342.5,346.36,342.48,345.99,86310,142224
2012-08-24,345.98,346.0,344.36,344.79,50894,131072
2012-08-27,346.8,348.28,346.34,346.63,46782,129600
2012-08-28,343.72,343.99,343.13,343.93,35934,125440
2012-08-29,344.34,345.85,344.34,345.5,38508,124796
2012-08-30,342.63,343.94,342.5,343.38,37766,124308
2012-08-31,342.97,343.6,342.21,343.39,39098,123138
2012-09-03,349.76,350.76,349.52,349.71,54018,127142
2012-09-04,351.3,351.85,350.16,350.3,45698,123770
2012-09-05,350.0,350.61,349.67,350.16,31656,121494
2012-09-06,350.17,354.0,350.17,352.6,77258,123948
2012-09-07,350.99,351.37,348.63,349.61,66978,112524
2012-09-10,358.37,359.59,358.0,358.23,52414,112178
2012-09-11,357.2,358.0,356.6,357.78,41632,110628
2012-09-12,358.71,358.71,357.5,357.89,36160,110762
2012-09-13,357.49,357.49,356.01,356.13,34780,110824
2012-09-14,365.18,366.3,364.88,365.19,85294,110968
2012-09-17,364.94,365.95,364.05,364.4,42346,108848
2012-09-18,361.2,362.09,360.62,361.87,41878,109452
2012-09-19,363.9,366.2,362.56,365.41,71696,116760
2012-09-20,363.98,364.5,361.65,361.92,52086,111070
2012-09-21,364.42,364.51,363.2,363.67,44594,110632
2012-09-24,362.0,362.0,358.92,360.12,55690,103474
2012-09-25,361.86,361.96,360.3,360.86,34250,102214
2012-09-26,360.0,361.44,359.97,360.86,30496,99786
2012-09-27,359.01,360.9,359.01,360.31,38788,94828
2012-09-28,365.0,365.58,364.22,365.48,33576,94720
2012-10-08,364.22,364.25,360.21,361.38,40980,83218
2012-10-09,362.83,363.25,361.77,361.8,31770,84684
2012-10-10,359.0,359.85,358.11,359.5,32030,83110
2012-10-11,358.8,359.99,358.38,359.51,29688,81838
2012-10-12,360.18,360.75,359.67,359.95,26312,82022
2012-10-15,354.73,354.73,353.23,354.19,31996,79850
2012-10-16,352.29,353.75,352.29,353.61,26182,78074
2012-10-17,355.0,356.08,354.75,354.8,29338,79296
2012-10-18,354.79,355.3,354.12,354.46,25400,77076
2012-10-19,352.8,353.3,350.53,351.67,30012,75788
2012-10-22,349.42,350.1,348.51,350.09,19380,74152
2012-10-23,349.75,350.68,349.02,349.7,27262,75114
2012-10-24,347.4,349.2,344.43,347.3,36934,75248
2012-10-25,346.84,348.33,345.8,347.7,41728,74392
2012-10-26,347.72,347.9,344.23,345.0,33532,71416
2012-10-29,347.0,348.4,346.54,347.57,32072,67904
2012-10-30,346.7,347.28,346.24,347.28,28720,61522
2012-10-31,349.62,350.23,349.23,349.89,15164,63176
2012-11-01,351.18,352.36,350.93,352.0,22920,68550
2012-11-02,350.36,350.59,347.17,347.9,38870,73958
2012-11-05,343.0,343.06,341.71,342.02,31182,76486
2012-11-06,342.79,344.38,342.79,343.9,26644,79100
2012-11-07,348.5,352.5,347.99,351.98,62586,79784
2012-11-08,349.34,350.99,349.33,350.68,36982,83140
2012-11-09,353.16,355.0,353.16,354.54,44824,88410
2012-11-12,354.3,354.58,353.08,353.82,32046,84976
2012-11-13,351.3,351.98,350.58,351.53,35172,86004
2012-11-14,352.25,352.88,351.77,352.38,29840,91356
2012-11-15,351.5,352.07,351.06,351.25,25480,92394
2012-11-16,349.88,350.09,348.58,348.95,35678,90450
2012-11-19,350.21,351.6,350.1,351.33,33922,94324
2012-11-20,353.12,353.92,353.12,353.25,31524,97228
2012-11-21,352.13,352.36,350.04,351.55,25722,96514
2012-11-22,353.14,353.47,352.64,352.64,24618,99442
2012-11-23,352.65,353.58,352.44,353.5,21982,101710
2012-11-26,357.11,357.39,356.51,356.83,33728,103656
2012-11-27,357.2,357.43,356.51,356.55,24790,104210
2012-11-28,355.01,355.3,353.8,354.18,32820,102382
2012-11-29,350.82,351.08,349.8,349.92,35450,100324
2012-11-30,351.3,352.29,350.88,352.08,31988,98848
2012-12-03,349.76,350.0,348.52,349.3,39828,94012
2012-12-04,348.3,348.44,344.67,345.53,55020,101538
2012-12-05,344.41,346.56,344.32,346.47,42400,100536
2012-12-06,344.35,344.9,342.91,343.6,54296,102224
2012-12-07,346.11,346.59,345.77,346.28,38824,101578
2012-12-10,347.1,347.6,346.67,347.27,30042,103502
2012-12-11,347.4,347.86,347.08,347.69,30292,102636
2012-12-12,347.79,348.66,347.58,348.47,29736,101600
2012-12-13,347.0,347.0,344.0,344.99,61082,104036
2012-12-14,344.31,345.84,344.3,345.43,41032,100548
2012-12-17,343.89,344.56,343.38,343.89,44610,102906
2012-12-18,345.45,348.09,345.43,347.37,60964,110304
2012-12-19,341.52,342.0,340.89,341.84,53100,109804
2012-12-20,340.12,341.1,339.72,340.76,40542,109038
2012-12-21,336.03,336.42,333.53,335.92,63190,108600
2012-12-24,337.2,339.26,336.63,338.81,45938,108776
2012-12-25,337.28,338.8,337.11,337.24,34366,105154
2012-12-26,336.73,337.77,336.6,337.38,26366,104866
2012-12-27,337.01,339.0,336.8,337.96,36670,105172
2012-12-28,339.2,340.12,339.05,339.2,36610,105898
2012-12-31,338.68,340.6,338.29,340.29,35982,109076
2013-01-04,337.19,337.2,335.38,336.84,63218,111832
2013-01-07,338.02,339.52,338.0,338.54,44956,115250
2013-01-08,337.0,337.3,336.2,336.53,32290,116024
2013-01-09,338.53,339.55,338.24,339.32,37642,116542
2013-01-10,337.51,339.09,337.28,338.68,29456,116226
2013-01-11,341.72,341.92,340.81,341.39,36272,114900
2013-01-14,339.02,340.43,339.02,340.35,28512,116048
2013-01-15,340.66,341.8,339.9,340.9,46930,119718
2013-01-16,343.5,343.6,342.6,343.5,38706,119046
2013-01-17,342.53,342.86,341.68,342.45,33988,116184
2013-01-18,344.0,344.49,343.81,344.28,28408,115798
2013-01-21,343.7,344.4,343.7,344.06,20808,116826
2013-01-22,344.2,345.6,344.1,345.5,28632,118774
2013-01-23,345.11,345.39,344.42,344.81,20290,116992
2013-01-24,342.0,342.68,341.12,341.73,38244,117842
2013-01-25,338.5,340.2,338.5,340.1,28120,118380
2013-01-28,337.78,338.65,337.77,338.47,27998,119350
2013-01-29,338.0,339.2,337.8,339.07,27830,123574
2013-01-30,339.34,339.82,338.89,339.5,22760,122040
2013-01-31,341.76,342.03,341.18,341.3,25778,119608
2013-02-01,338.2,338.78,337.94,338.67,24454,118892
2013-02-04,339.18,340.74,338.86,340.15,31138,119688
2013-02-05,340.88,341.95,340.77,341.85,25824,119760
2013-02-06,340.9,341.19,340.11,340.83,24604,116026
2013-02-07,341.88,342.41,341.41,341.73,19554,113938
2013-02-08,339.78,341.3,339.78,341.09,17576,114412
2013-02-18,329.7,330.32,329.26,329.76,42594,116630
2013-02-19,329.5,330.12,329.5,329.73,24126,121892
2013-02-20,328.7,329.12,328.44,328.97,23096,123546
2013-02-21,321.3,321.58,318.0,320.84,64880,124052
2013-02-22,322.52,324.76,322.52,324.32,32438,122004
2013-02-25,322.88,324.81,322.8,324.04,37884,122646
2013-02-26,326.31,326.45,324.32,324.54,38824,119806
2013-02-27,328.99,328.99,328.0,328.09,41952,113704
2013-02-28,325.8,327.19,325.4,326.4,33604,113420
2013-03-01,323.63,323.63,322.51,323.1,32316,114478
2013-03-04,323.4,324.14,322.26,322.56,38268,114798
2013-03-05,322.4,323.82,322.22,323.47,35010,117342
2013-03-06,322.68,323.06,322.0,322.33,33756,119736
2013-03-07,323.16,323.59,322.58,323.05,40758,119468
2013-03-08,322.18,322.66,321.02,321.3,44658,120464
2013-03-11,321.5,322.88,321.44,322.74,35484,114976
2013-03-12,321.72,322.83,321.72,322.11,27724,114422
2013-03-13,324.54,324.66,323.0,324.3,29128,114200
2013-03-14,322.82,323.49,322.02,322.95,33144,106400
2013-03-15,323.66,324.19,323.43,324.19,24082,108660
2013-03-18,325.82,325.97,323.02,324.21,44560,112410
2013-03-19,325.19,325.95,324.5,325.73,34172,109644
2013-03-20,326.64,327.15,326.2,326.88,26116,106998
2013-03-21,325.19,326.0,325.02,325.8,13868,106084
2013-03-22,327.0,327.15,326.08,326.33,23060,107730
2013-03-25,324.94,326.64,324.94,325.58,24792,107646
2013-03-26,324.76,325.2,324.02,324.57,28382,103488
2013-03-27,324.54,324.69,322.92,322.97,29518,104624
2013-03-28,325.05,325.53,324.93,325.03,23738,99396
2013-03-29,323.0,323.66,322.2,323.45,17616,97060
2013-04-01,323.82,324.97,322.88,322.98,23182,99264
2013-04-02,324.25,324.77,323.36,323.73,21740,97188
2013-04-03,319.0,319.1,315.69,316.24,48494,100256
2013-04-08,318.47,320.01,318.24,319.29,34714,95036
2013-04-09,317.79,318.99,317.79,318.82,25110,93606
2013-04-10,320.97,321.0,320.01,320.25,19836,92394
2013-04-11,314.06,314.98,313.7,314.35,36508,94276
2013-04-12,314.91,315.85,314.21,314.49,22016,94120
2013-04-15,299.0,299.0,298.93,298.93,4482,93778
2013-04-16,275.03,298.93,275.03,276.38,74334,86292
2013-04-17,276.0,277.09,272.84,275.09,107104,83782
2013-04-18,271.93,276.42,264.59,275.78,157854,69324
2013-04-19,277.0,285.01,275.92,282.28,121000,62538
2013-04-22,284.46,287.1,284.46,285.6,58128,71422
2013-04-23,286.77,287.19,281.43,283.31,90224,82864
2013-04-24,284.5,287.9,284.3,286.49,73846,77136
2013-04-25,287.96,292.0,287.0,290.35,56874,77348
2013-04-26,297.54,299.77,295.78,296.15,82926,77874
2013-05-02,292.0,292.0,289.74,290.9,65746,88008
2013-05-03,293.21,295.59,293.14,295.41,61436,87196
2013-05-06,295.41,296.5,294.15,294.15,70272,94328
2013-05-07,293.67,293.95,289.84,289.98,116040,111526
2013-05-08,289.0,290.8,287.2,290.27,124912,104658
2013-05-09,293.19,294.4,292.58,292.87,75494,99068
2013-05-10,289.14,291.6,288.64,291.6,82266,98180
2013-05-13,286.68,287.63,283.9,285.43,142078,109834
2013-05-14,286.68,288.48,286.0,286.31,75890,110086
2013-05-15,283.98,285.24,281.51,281.82,96854,111232
2013-05-16,278.02,280.0,277.53,278.18,104736,111370
2013-05-17,278.14,279.28,274.65,275.11,147690,116412
2013-05-20,269.7,270.93,268.4,269.5,155846,123308
2013-05-21,279.99,280.88,276.66,279.51,146816,110018
2013-05-22,276.6,279.1,276.27,278.86,89024,109434
2013-05-23,273.52,276.62,272.4,276.23,127236,110984
2013-05-24,279.02,279.88,277.91,278.36,94582,108940
2013-05-27,277.04,279.55,277.04,279.32,57426,107220
2013-05-28,278.36,279.2,277.82,278.44,63016,105162
2013-05-29,277.79,278.79,276.65,277.46,84464,108914
2013-05-30,278.5,282.52,278.11,281.88,112980,112018
2013-05-31,283.11,284.68,282.88,283.57,66136,109442
2013-06-03,279.62,280.13,278.81,279.52,61714,108908
2013-06-04,283.4,283.44,281.06,281.26,63018,112554
2013-06-05,279.96,281.58,279.3,280.62,65502,109626
2013-06-06,280.47,280.68,278.66,279.01,52378,109286
2013-06-07,283.09,283.16,281.7,281.82,53088,0
2013-06-13,276.61,279.18,276.6,278.24,58694,104994
2013-06-14,278.0,278.13,276.68,277.15,44294,108076
2013-06-17,278.03,278.55,277.53,277.58,31652,108396
2013-06-18,277.02,277.58,275.51,275.97,47930,113888
2013-06-19,274.16,274.68,273.26,274.48,56836,114234
2013-06-20,269.1,270.12,266.72,266.94,87300,121268
2013-06-21,255.59,261.32,255.59,261.3,153406,124974
2013-06-24,260.75,261.9,256.35,256.9,117220,130486
2013-06-25,257.85,259.55,256.7,257.9,97416,121454
2013-06-26,256.6,257.0,249.3,251.05,176738,129166
2013-06-27,248.35,251.4,248.3,250.5,136470,121770
2013-06-28,240.1,245.15,238.9,243.8,177536,121334
2013-07-01,248.55,252.8,247.3,252.4,160940,125312
2013-07-02,253.75,255.3,253.15,254.8,106224,127000
2013-07-03,251.95,252.85,251.35,252.35,76396,127038
2013-07-04,254.0,255.2,252.35,253.45,52880,124860
2013-07-05,247.45,247.45,244.15,245.45,224320,130168
2013-07-08,248.65,254.5,248.0,253.35,376336,137366
2013-07-09,252.4,253.55,250.8,251.5,290672,143772
2013-07-10,253.0,254.75,251.65,253.85,386576,141924
2013-07-11,259.4,259.7,258.05,258.95,279720,139056
2013-07-12,256.95,258.5,256.65,258.3,300382,137470
2013-07-15,258.6,259.4,258.3,258.85,188014,140604
2013-07-16,260.1,261.0,259.45,260.35,226664,139564
2013-07-17,260.35,261.5,255.1,256.6,465196,142590
2013-07-18,258.15,258.65,257.0,257.95,273246,144622
2013-07-19,259.0,259.95,258.7,259.4,188036,150474
2013-07-22,265.0,267.95,264.8,267.4,271428,149918
2013-07-23,266.1,268.0,265.65,267.85,171626,150184
2013-07-24,266.1,267.15,263.05,263.8,320044,145802
2013-07-25,264.7,265.55,264.25,265.05,189842,146954
2013-07-26,263.95,265.15,262.0,263.75,319018,151084
2013-07-29,264.1,264.6,263.75,264.35,157984,162698
2013-07-30,263.85,264.05,262.6,263.7,211900,165488
2013-07-31,263.9,264.1,260.7,262.85,445550,149382
2013-08-01,264.25,264.3,261.5,261.95,283752,144818
2013-08-02,263.0,263.0,261.15,261.55,248000,147764
2013-08-05,260.8,261.75,260.0,260.75,214848,143996
2013-08-06,258.0,258.0,256.05,256.75,268984,161240
2013-08-07,256.1,257.4,255.8,257.25,239454,153938
2013-08-08,258.65,262.05,258.2,261.8,378430,148088
2013-08-09,261.1,262.7,260.95,261.85,286386,143426
2013-08-12,265.8,268.5,265.7,267.35,231448,149938
2013-08-13,266.75,267.25,263.8,264.95,293614,138982
2013-08-14,264.8,266.75,263.75,266.35,286220,141262
2013-08-15,264.1,273.9,263.85,272.55,472528,141402
2013-08-16,272.65,275.7,271.0,274.8,300730,139448
2013-08-19,274.1,274.35,272.3,273.1,250596,137136
2013-08-20,273.2,274.75,272.65,273.85,204624,130308
2013-08-21,273.0,274.25,272.0,273.2,268302,129018
2013-08-22,274.35,275.2,273.0,273.5,226654,131440
2013-08-23,273.7,278.9,273.6,278.7,295686,136374
2013-08-26,278.35,279.2,277.3,278.05,169478,132660
2013-08-27,282.65,283.6,281.75,282.5,194064,143238
2013-08-28,284.45,284.9,281.6,282.9,260168,140012
2013-08-29,281.85,281.85,279.45,281.05,190224,140066
2013-08-30,277.85,279.9,277.3,278.2,202988,135142
2013-09-02,277.85,278.9,277.2,277.55,112292,144274
2013-09-03,279.45,282.65,279.15,281.7,229504,144450
2013-09-04,277.6,277.95,276.35,277.1,188214,132222
2013-09-05,277.1,277.5,272.4,273.55,308582,144840
2013-09-06,276.3,277.3,275.75,277.0,225262,129054
2013-09-09,276.9,277.25,276.2,276.55,105374,124702
2013-09-10,272.25,272.55,271.05,272.45,159802,120740
2013-09-11,271.85,272.55,271.6,272.2,89972,119516
2013-09-12,265.6,266.2,264.25,265.5,181692,121458
2013-09-13,263.2,263.9,261.05,262.7,171666,125572
2013-09-16,262.0,264.5,261.85,262.7,146492,126354
2013-09-17,262.2,262.55,260.6,261.5,134698,129030
2013-09-18,262.2,262.55,257.6,260.4,289294,116440
2013-09-19,260.4,260.4,260.4,260.4,289294,116440
2013-09-23,263.85,265.35,263.0,264.35,124752,118130
2013-09-24,261.0,264.55,260.5,264.2,141764,114822
2013-09-25,263.7,266.95,263.45,266.3,149754,117794
2013-09-26,266.15,266.45,263.35,264.15,121096,110338
2013-09-27,266.5,267.75,266.0,267.05,87268,102940
2013-09-30,266.5,267.75,266.0,267.4,120910,96634
2013-10-01,267.4,267.4,267.4,267.4,120910,96634
2013-10-08,263.9,265.65,263.9,264.25,122956,108062
2013-10-09,261.2,262.8,259.4,260.85,162196,108112
2013-10-10,259.6,260.5,259.2,259.5,141728,111150
2013-10-11,253.95,254.8,253.0,253.55,187938,114662
2013-10-14,256.7,257.25,255.25,255.4,126724,115414
2013-10-15,252.5,256.45,252.25,256.4,213778,111464
2013-10-16,256.05,256.55,254.0,256.35,273234,111332
2013-10-17,261.7,262.95,261.7,262.9,209658,111258
2013-10-18,262.3,262.7,261.5,261.9,109590,106756
2013-10-21,262.25,262.85,262.0,262.1,90928,106382
2013-10-22,264.3,266.85,264.15,266.3,167346,107632
2013-10-23,264.9,265.35,264.25,264.75,100300,101860
2013-10-24,265.7,266.6,265.45,266.0,122988,103438
2013-10-25,264.9,267.0,264.25,265.9,123802,98168
2013-10-28,266.2,267.5,265.55,266.6,145982,91932
2013-10-29,265.15,265.95,264.5,264.75,135004,84874
2013-10-30,266.55,267.75,263.3,263.7,167842,82860
2013-10-31,261.45,262.5,260.6,261.55,140848,77142
2013-11-01,261.9,262.55,260.1,261.75,11698,72840
2013-11-04,262.85,263.3,261.6,261.95,9482,74836
2013-11-05,262.1,262.5,260.3,260.65,12046,78918
2013-11-06,262.2,262.6,261.6,262.15,15420,80346
2013-11-07,263.05,263.45,258.35,260.5,33762,83664
2013-11-08,260.2,261.0,255.7,256.25,36042,92138
2013-11-11,255.75,255.8,255.25,255.35,11088,95642
2013-11-12,254.95,255.85,253.65,253.8,32828,99596
2013-11-13,254.5,254.75,253.05,253.2,34230,101146
2013-11-14,254.7,257.3,254.6,256.3,57176,99768
2013-11-15,255.4,256.55,255.25,256.3,29268,101306
2013-11-18,255.0,255.7,253.0,253.45,47386,105888
2013-11-19,253.95,254.15,253.15,253.35,41634,113332
2013-11-20,251.35,253.0,250.85,252.0,112724,120896
2013-11-21,248.85,249.1,247.15,248.6,122520,133878
2013-11-22,249.1,249.35,248.3,248.55,57102,133968
2013-11-25,246.1,248.15,245.15,248.0,128800,139682
2013-11-26,249.0,249.35,247.8,248.2,101426,143010
2013-11-27,249.45,250.4,247.5,247.6,147948,148910
2013-11-28,248.35,248.8,248.2,248.65,41358,147918
2013-11-29,250.35,250.35,249.75,249.9,70656,149072
2013-12-02,247.2,247.7,245.8,245.95,142042,163268
2013-12-03,245.35,245.6,244.4,245.15,113776,164254
2013-12-04,245.4,250.3,244.05,249.75,222322,168598
2013-12-05,246.5,247.6,244.55,247.2,226162,171582
2013-12-06,246.0,249.25,242.4,246.9,336676,183026
2013-12-09,246.8,248.1,246.7,247.55,112636,182120
2013-12-10,249.8,252.15,249.55,251.35,194482,175904
2013-12-11,250.3,251.9,250.2,250.85,155638,175670
2013-12-12,246.75,247.15,244.65,244.65,182040,174154
2013-12-13,245.2,246.35,244.8,245.75,116564,174064
2013-12-16,245.8,249.45,245.7,247.85,198000,170302
2013-12-17,246.35,247.9,245.1,245.55,208786,169502
2013-12-18,245.75,246.85,245.25,246.3,127664,168854
2013-12-19,240.3,240.9,238.7,238.75,225764,187852
2013-12-20,238.8,240.95,237.9,240.15,190494,185812
2013-12-23,239.55,240.35,238.9,238.9,113762,184018
2013-12-24,239.5,240.6,239.2,240.25,64112,179882
2013-12-25,240.95,241.05,240.5,240.65,14066,175728
2013-12-26,240.65,242.95,240.6,242.15,113070,176106
2013-12-27,242.5,243.85,242.3,243.2,89900,179918
2013-12-30,240.55,241.8,240.45,240.9,82516,176196
2013-12-31,240.55,241.8,238.6,239.4,153486,169098
2014-01-02,242.95,244.7,242.8,244.55,140182,172544
2014-01-03,245.5,247.1,244.65,246.8,138198,174748
2014-01-06,246.4,248.35,245.95,246.6,193522,170922
2014-01-07,246.0,246.6,243.6,244.7,168184,168424
2014-01-08,244.55,244.95,242.3,243.6,177540,162886
2014-01-09,244.35,244.45,242.85,244.0,134338,162672
2014-01-10,244.95,247.7,243.7,247.45,173946,161344
2014-01-13,247.0,248.35,246.3,247.85,98840,162376
2014-01-14,246.9,248.05,245.85,246.5,139274,162018
2014-01-15,244.8,245.9,244.4,245.25,116510,162418
2014-01-16,245.05,246.4,244.75,245.35,105210,162500
2014-01-17,245.5,247.6,245.4,247.3,112272,165004
2014-01-20,248.05,248.25,247.25,247.5,45102,159798
2014-01-21,245.75,245.95,244.25,245.4,109440,161180
2014-01-22,245.15,245.5,244.65,244.7,57644,161146
2014-01-23,246.55,248.8,246.25,248.05,166792,168882
2014-01-24,249.8,250.55,248.3,248.85,142558,164584
2014-01-27,248.95,249.25,247.7,248.5,122142,161096
2014-01-28,247.6,248.7,245.9,246.55,95810,157906
2014-01-29,248.6,249.45,248.15,248.7,80892,154780
2014-01-30,248.6,249.45,247.8,247.95,117008,152696
2014-02-07,248.75,250.8,247.4,249.15,132672,157862
2014-02-10,251.3,251.9,250.95,251.15,89240,169118
2014-02-11,253.35,254.0,251.2,253.4,198946,181932
2014-02-12,253.7,254.4,253.05,254.25,126894,184368
2014-02-13,254.0,255.1,253.7,255.1,137880,192432
2014-02-14,258.4,259.3,258.0,259.05,136280,189802
2014-02-17,261.05,261.5,260.45,261.2,73664,188984
2014-02-18,258.4,260.4,258.1,260.4,122708,190860
2014-02-19,259.2,260.1,259.15,259.7,86916,187736
2014-02-20,258.0,259.5,257.6,258.95,115054,188514
2014-02-21,260.1,261.0,259.55,260.4,93100,186982
2014-02-24,262.5,263.35,261.45,263.35,141558,193238
2014-02-25,263.0,265.05,262.75,264.75,161588,195270
2014-02-26,263.1,263.6,260.9,261.85,211488,189220
2014-02-27,262.25,263.25,261.9,262.25,134574,186930
2014-02-28,262.95,263.35,260.9,261.0,143302,189844
2014-03-03,265.8,267.5,265.6,266.8,140238,193886
2014-03-04,263.2,264.1,262.65,263.7,132780,198188
2014-03-05,263.3,264.5,263.05,263.8,125974,204920
2014-03-06,262.65,265.9,262.6,265.7,171878,203410
2014-03-07,265.3,266.55,261.0,262.35,279296,203236
2014-03-10,262.45,263.3,261.9,262.6,119480,206162
2014-03-11,265.0,265.45,262.2,264.8,174420,210320
2014-03-12,268.45,269.95,267.85,269.35,173054,206004
2014-03-13,268.65,270.5,268.5,270.15,140764,202352
2014-03-14,272.2,273.4,270.3,271.3,207528,199062
2014-03-17,272.0,272.45,269.15,269.65,170740,198846
2014-03-18,266.35,268.6,266.2,268.35,143460,199978
2014-03-19,265.45,267.0,264.75,264.9,275072,193686
2014-03-20,263.4,265.2,263.3,265.0,145454,179960
2014-03-21,265.95,266.35,265.25,265.6,109062,182636
2014-03-24,261.5,262.3,260.25,260.6,168332,183578
2014-03-25,260.05,261.5,260.0,260.65,123454,175420
2014-03-26,261.0,261.0,258.8,259.3,168122,177292
2014-03-27,257.85,259.0,257.35,258.0,144104,175574
2014-03-28,258.0,259.65,257.2,259.05,183584,164684
2014-03-31,258.15,258.95,256.7,257.15,151676,163486
2014-04-01,257.0,257.5,256.0,256.05,104632,163402
2014-04-02,258.7,259.1,258.05,258.25,108840,155070
2014-04-03,257.5,257.95,256.75,257.4,102910,153866
2014-04-04,257.5,258.0,256.75,257.95,134654,150500
2014-04-08,262.5,262.65,261.55,262.15,82924,141912
2014-04-09,260.5,262.7,259.9,262.45,103580,136034
2014-04-10,263.05,263.7,262.6,263.4,113828,134954
2014-04-11,262.9,263.6,262.65,263.1,97000,135068
2014-04-14,264.4,265.55,264.3,264.7,87376,136784
2014-04-15,258.2,260.15,258.1,259.85,185394,141946
2014-04-16,260.1,260.35,259.1,259.5,102944,145338
2014-04-17,259.35,259.6,257.6,257.65,122746,151636
2014-04-18,258.05,258.3,257.9,258.25,7488,144972
2014-04-21,256.5,257.35,255.6,256.6,105098,157656
2014-04-22,257.35,257.4,255.25,256.55,139940,143186
2014-04-23,257.0,257.25,255.95,256.75,106398,142154
2014-04-24,254.6,268.95,254.35,259.25,274654,134730
2014-04-25,260.15,262.1,259.9,261.3,162938,126894
2014-04-28,262.0,262.25,260.05,261.0,132586,118876
2014-04-29,260.3,261.5,260.3,260.55,90860,111940
2014-04-30,260.3,261.5,260.05,260.35,131958,102394
2014-05-05,265.75,265.9,264.6,264.75,29116,109114
2014-05-06,263.95,264.2,263.4,264.0,12152,106742
2014-05-07,262.75,263.05,259.9,260.65,40154,110620
2014-05-08,259.6,260.25,259.15,259.9,31110,119992
2014-05-09,259.65,260.2,258.8,259.3,33646,132046
2014-05-12,262.2,262.7,261.2,261.2,45136,137302
2014-05-13,261.5,261.6,260.6,260.7,55952,148298
2014-05-14,263.2,263.2,261.6,262.3,92128,155268
2014-05-15,260.3,261.85,260.25,260.65,106768,163518
2014-05-16,259.85,260.8,259.6,260.25,70228,165638
2014-05-19,262.5,262.55,260.4,260.65,77264,168776
2014-05-20,259.65,261.35,259.3,260.95,100392,170530
2014-05-21,259.65,260.35,258.8,260.15,113276,173458
2014-05-22,262.0,262.0,260.45,260.8,88844,177020
2014-05-23,260.45,261.05,260.3,260.65,54530,176636
2014-05-26,260.65,260.85,260.3,260.35,15726,176550
2014-05-27,257.5,257.9,255.25,255.6,186548,206382
2014-05-28,255.6,255.6,253.7,254.35,134952,214598
2014-05-29,252.9,253.75,252.4,253.1,107278,224830
2014-05-30,252.9,253.85,252.4,253.3,171250,222344
2014-06-03,251.0,251.15,250.15,250.95,91544,233486
2014-06-04,251.5,251.8,250.9,251.1,74696,233848
2014-06-05,252.9,253.5,252.05,253.35,130146,222106
2014-06-06,253.55,253.75,251.75,252.8,139004,221808
2014-06-09,252.8,253.0,252.5,252.8,49084,223968
2014-06-10,252.8,253.2,252.5,252.6,90714,227398
2014-06-11,253.6,254.3,253.35,254.2,94510,227952
2014-06-12,254.35,254.4,253.45,253.7,76428,226490
2014-06-13,254.45,256.35,254.15,255.75,176702,219842
2014-06-16,255.45,258.15,255.3,257.9,126882,208496
2014-06-17,257.6,257.6,254.4,254.65,152206,213556
2014-06-18,254.2,255.95,254.05,255.0,128858,212364
2014-06-19,255.65,258.1,255.05,257.85,144764,208472
2014-06-20,259.0,267.0,258.85,264.55,364114,214490
2014-06-23,264.65,266.3,264.1,265.8,193844,214918
2014-06-24,265.8,265.9,264.8,265.3,131144,219068
2014-06-25,266.2,266.6,263.35,264.5,180112,211910
2014-06-26,265.2,266.25,264.2,264.3,153746,200346
2014-06-27,264.25,265.65,263.4,265.15,160444,205126
2014-06-30,264.55,265.2,263.8,263.9,111866,199326
2014-07-01,263.8,269.1,263.6,265.6,151054,197676
2014-07-02,265.85,266.8,265.3,265.95,132040,198100
2014-07-03,266.1,267.1,264.65,265.2,140656,197620
2014-07-04,264.0,265.6,263.8,265.35,134650,199728
2014-07-07,265.5,265.55,262.5,262.9,106164,196630
2014-07-08,263.35,264.4,262.4,264.15,93344,191378
2014-07-09,264.65,265.45,262.9,265.25,161800,193278
2014-07-10,265.5,266.65,264.55,266.05,151388,200582
2014-07-11,268.25,269.35,268.05,268.4,137356,204910
2014-07-14,268.55,268.9,264.0,264.3,150374,195586
2014-07-15,263.1,263.1,261.2,262.45,151358,198674
2014-07-16,262.2,263.2,259.0,260.0,173478,196916
2014-07-17,260.5,262.35,260.1,261.5,121844,195898
2014-07-18,261.7,266.45,261.0,263.25,217794,198586
2014-07-21,262.35,263.3,261.45,263.3,128894,200456
2014-07-22,263.45,263.6,261.55,262.1,110756,201238
2014-07-23,263.1,263.3,261.3,261.9,117582,197750
2014-07-24,262.4,262.4,259.15,260.0,143250,201848
2014-07-25,260.2,260.4,257.75,258.5,180196,205098
2014-07-28,258.8,261.45,258.55,260.9,142462,198588
2014-07-29,260.8,261.4,259.95,260.95,86192,192784
2014-07-30,262.0,262.15,259.2,259.75,118494,197522
2014-07-31,259.7,259.75,258.05,259.0,126390,197968
2014-08-01,257.4,257.95,256.25,256.6,141776,202772
2014-08-04,257.4,259.55,257.3,258.9,132296,196932
2014-08-05,258.5,259.1,257.4,258.1,96448,198322
2014-08-06,257.6,258.8,256.5,257.9,124514,195672
2014-08-07,259.9,261.0,259.85,260.5,155574,192446
2014-08-08,260.2,263.5,259.8,262.85,221156,196804
2014-08-11,261.0,262.0,260.1,260.55,142758,188750
2014-08-12,260.75,261.1,260.4,261.0,86940,190362
2014-08-13,262.1,262.5,260.65,261.05,134404,190186
2014-08-14,261.55,262.0,260.75,261.65,132548,195558
2014-08-15,261.95,261.95,260.9,261.4,105380,195902
2014-08-18,258.2,261.0,257.45,258.9,242636,189892
2014-08-19,258.3,258.7,257.85,258.15,96908,191608
2014-08-20,258.1,258.35,257.05,257.75,122570,196456
2014-08-21,257.7,258.1,254.45,254.55,182704,208648
2014-08-22,253.9,255.35,253.6,255.1,144324,202444
2014-08-25,254.65,255.55,254.25,254.55,127490,202364
2014-08-26,254.8,257.25,254.35,257.0,119032,200246
2014-08-27,256.85,256.85,255.5,255.95,100634,200838
2014-08-28,256.05,256.7,255.1,256.3,107500,202086
2014-08-29,257.2,257.3,256.05,256.75,94176,200694
2014-09-01,256.15,256.85,255.65,256.15,85460,203236
2014-09-02,256.0,256.05,253.5,253.75,93350,212054
2014-09-03,252.35,252.7,251.4,252.3,128502,210020
2014-09-04,251.9,253.25,251.75,252.45,78672,207548
2014-09-05,252.1,254.15,251.0,251.4,163662,205372
2014-09-09,250.0,250.45,249.35,249.65,59662,209476
2014-09-10,249.3,249.9,247.7,249.55,135338,208152
2014-09-11,248.0,249.0,247.2,248.15,145674,206646
2014-09-12,247.3,247.85,244.85,246.25,198534,210496
2014-09-15,245.5,245.85,244.05,245.7,162102,210360
2014-09-16,245.8,247.05,245.35,246.45,119940,204962
2014-09-17,246.2,247.7,245.6,246.85,144234,202132
2014-09-18,246.75,247.3,243.8,244.3,140466,207110
2014-09-19,243.7,245.25,243.1,243.7,217886,200502
2014-09-22,244.4,244.4,239.35,241.3,281546,211556
2014-09-23,241.2,242.7,240.7,241.8,159356,204684
2014-09-24,243.65,244.1,242.4,243.6,148156,198036
2014-09-25,242.85,243.5,240.15,240.65,190080,203790
2014-09-26,241.0,245.6,240.25,244.2,226368,192526
2014-09-29,241.95,244.0,241.5,242.9,113038,186226
2014-09-30,243.35,243.8,242.6,242.85,69364,180926
2014-10-08,239.0,240.25,239.0,239.0,6,60
2014-10-09,242.5,244.35,240.2,243.95,217558,184852
2014-10-10,244.15,244.5,242.8,243.0,173212,186242
2014-10-13,242.85,246.2,242.5,245.15,173238,178508
2014-10-14,244.4,245.8,243.95,244.9,100376,179602
2014-10-15,245.15,245.45,243.1,243.2,143484,184244
2014-10-16,245.7,247.6,244.8,245.6,298144,181574
2014-10-17,245.3,246.45,245.05,245.8,163722,179584
2014-10-20,245.6,246.1,244.4,245.8,132482,175370
2014-10-21,246.6,247.3,246.1,247.0,117982,170066
2014-10-22,247.5,248.1,246.7,246.95,118338,167404
2014-10-23,245.45,246.7,245.4,245.95,110200,157658
2014-10-24,244.8,244.8,243.05,243.8,145710,157164
2014-10-27,243.6,244.0,243.15,243.2,86954,150746
2014-10-28,243.35,243.45,242.3,242.55,104240,145646
2014-10-29,243.25,244.15,242.7,242.95,103664,144064
2014-10-30,241.5,242.45,237.55,238.1,237888,151300
2014-10-31,237.9,238.5,232.45,233.45,327624,147912
2014-11-03,229.1,230.9,227.85,229.9,238672,126392
2014-11-04,231.1,231.4,230.1,230.85,53094,142404
2014-11-05,230.55,231.2,225.15,225.5,139648,174814
2014-11-06,224.0,227.0,223.6,225.9,146924,184440
2014-11-07,225.65,227.2,223.65,226.5,206300,191774
2014-11-10,226.8,235.0,226.6,232.05,354332,192868
2014-11-11,230.6,231.45,227.75,228.1,179758,202734
2014-11-12,228.8,234.55,228.5,231.75,237752,203372
2014-11-13,230.85,232.15,229.55,230.25,177500,209182
2014-11-14,230.75,231.7,227.35,228.65,276634,231302
2014-11-17,228.3,237.9,227.0,236.0,623698,213572
2014-11-18,235.95,237.0,235.0,236.05,240332,208658
2014-11-19,237.8,237.9,235.95,236.8,228922,210064
2014-11-20,236.9,238.2,232.65,234.3,444058,208568
2014-11-21,236.25,236.9,235.1,236.6,232652,210482
2014-11-24,237.35,239.85,236.3,238.4,342456,211232
2014-11-25,237.65,239.0,237.3,238.6,190204,214226
2014-11-26,238.45,239.35,235.4,238.3,293758,217948
2014-11-27,237.7,238.4,236.5,237.85,221970,226644
2014-11-28,237.35,237.8,235.2,236.05,169358,237450
2014-12-01,235.7,236.5,227.35,229.35,383938,249366
2014-12-02,233.5,242.95,233.5,240.35,540948,225768
2014-12-03,237.9,240.4,237.65,239.5,324594,208996
2014-12-04,239.9,242.35,239.6,240.65,260480,204862
2014-12-05,240.45,242.3,239.7,240.3,289044,200912
2014-12-08,240.0,241.25,237.0,238.15,328006,203230
2014-12-09,238.55,242.1,238.2,242.0,204642,208336
2014-12-10,243.0,249.8,242.95,248.05,567346,210536
2014-12-11,247.2,248.0,244.8,245.4,316142,199954
2014-12-12,245.2,247.2,243.85,244.8,246862,201600
2014-12-15,245.6,246.35,243.35,244.95,296532,198640
2014-12-16,242.95,244.35,239.55,240.6,286078,194688
2014-12-17,244.4,245.0,237.95,240.7,458098,193880
2014-12-18,240.65,242.4,238.95,241.7,284400,189978
2014-12-19,242.6,243.4,240.65,242.2,208832,191410
2014-12-22,242.1,242.7,241.8,242.15,126462,189874
2014-12-23,241.15,242.05,237.35,238.55,213230,191530
2014-12-24,238.45,239.0,237.4,238.5,182810,198838
2014-12-25,238.1,238.4,237.4,238.05,85694,201272
2014-12-26,238.3,240.0,237.7,239.5,79378,200822
2014-12-29,241.6,242.1,240.4,241.6,144430,193566
2014-12-30,241.1,241.65,238.8,240.0,161936,192066
2014-12-31,239.25,244.8,239.25,241.65,232960,194432
2015-01-05,240.0,242.5,240.0,242.15,61846,199292
2015-01-06,240.95,245.0,240.35,244.45,237512,214248
2015-01-07,244.7,247.3,243.8,245.25,237538,214320
2015-01-08,245.2,246.2,244.3,244.5,176986,216874
2015-01-09,245.0,246.15,244.55,245.15,148366,217668
2015-01-12,244.7,248.7,243.95,247.75,271728,229588
2015-01-13,246.35,250.0,246.0,249.0,197054,233632
2015-01-14,249.5,250.5,246.3,247.9,249476,229310
2015-01-15,248.0,250.1,246.35,246.75,288116,227196
2015-01-16,251.85,253.75,251.0,253.65,403772,237232
2015-01-19,253.8,259.0,253.5,257.85,381174,239050
2015-01-20,258.0,258.3,256.85,257.65,139018,238328
2015-01-21,260.55,263.0,259.15,262.2,294908,239610
2015-01-22,262.15,263.2,258.05,259.05,349310,236052
2015-01-23,259.55,262.85,258.95,261.4,380550,242060
2015-01-26,261.6,262.55,259.25,261.6,237780,242814
2015-01-27,259.85,260.6,258.3,259.9,225122,244742
2015-01-28,259.75,261.95,259.05,260.8,219708,245924
2015-01-29,261.2,261.75,258.6,259.3,204518,241628
2015-01-30,256.55,257.7,252.75,255.05,332588,222422
2015-02-02,255.8,260.0,254.6,259.1,291006,226434
2015-02-03,258.0,259.6,256.75,259.4,212940,223518
2015-02-04,258.0,258.2,254.9,256.35,288614,228788
2015-02-05,257.0,258.3,255.3,257.5,232176,226486
2015-02-06,256.05,256.85,255.0,256.7,178268,227854
2015-02-09,256.25,260.25,249.7,251.4,419660,227334
2015-02-10,251.45,252.4,250.6,252.05,140404,223390
2015-02-11,251.15,251.45,250.0,250.8,163350,223966
2015-02-12,250.7,250.85,247.35,247.85,204948,224192
2015-02-13,248.25,249.65,247.55,249.45,179138,215430
2015-02-16,248.55,250.75,248.45,250.3,142798,213136
2015-02-17,250.15,250.75,248.8,249.0,70090,210000
2015-02-25,244.6,247.85,244.15,245.1,10,0
2015-02-26,245.85,246.75,244.1,246.45,127444,216280
2015-02-27,247.5,248.15,245.7,246.65,137716,222660
2015-03-02,246.3,249.75,246.3,249.3,206588,227628
2015-03-03,248.4,249.05,243.85,247.05,234398,223844
2015-03-04,247.4,248.35,245.75,246.7,198668,210838
2015-03-05,246.35,246.9,245.0,245.65,162428,202582
2015-03-06,245.4,246.9,244.4,245.0,147354,197516
2015-03-09,244.65,244.85,238.25,239.9,327884,202522
2015-03-10,239.65,240.3,237.1,237.5,153080,201910
2015-03-11,238.7,239.4,237.2,238.25,175340,210238
2015-03-12,237.45,238.8,235.05,238.4,251356,205228
2015-03-13,236.85,237.9,235.75,237.2,145612,205186
2015-03-16,237.5,238.3,236.05,238.0,152944,207076
2015-03-17,236.4,237.25,235.65,236.25,155364,212226
2015-03-18,235.1,241.35,224.5,233.65,334944,207576
2015-03-19,233.3,239.55,233.3,237.75,228062,205168
2015-03-20,235.75,238.15,235.75,237.4,176958,203432
2015-03-23,236.95,241.1,236.95,239.75,219436,203076
2015-03-24,240.2,241.9,239.8,241.1,167166,200064
2015-03-25,241.85,242.55,240.5,241.15,262864,199772
2015-03-26,243.0,243.95,242.1,243.9,169740,202018
2015-03-27,243.85,244.25,242.75,243.25,156580,195698
2015-03-30,242.8,243.15,240.3,240.4,199746,190546
2015-03-31,239.3,239.9,237.85,237.85,175542,188526
2015-04-01,239.3,239.65,237.75,238.35,165432,190284
2015-04-02,239.95,243.05,239.5,242.95,244050,193926
2015-04-03,242.4,242.65,240.2,241.75,173668,182772
2015-04-07,243.15,244.1,243.15,243.9,48968,183068
2015-04-08,243.5,244.2,242.65,243.75,123654,183796
2015-04-09,243.0,243.65,239.7,240.5,185616,180862
2015-04-10,240.9,241.2,239.5,240.25,134150,180468
2015-04-13,242.4,243.6,242.0,242.6,163286,173018
2015-04-14,242.65,243.05,239.15,240.15,172328,181184
2015-04-15,239.2,242.7,239.05,240.1,159376,176908
2015-04-16,240.1,242.6,239.8,241.75,162448,172594
2015-04-17,242.05,242.15,239.85,240.85,162154,174318
2015-04-20,241.3,242.9,240.95,242.75,141530,172528
2015-04-21,240.45,241.2,239.45,239.9,167564,174398
2015-04-22,241.05,241.65,240.0,241.2,139054,165958
2015-04-23,240.4,240.45,236.95,237.4,275116,176366
2015-04-24,237.65,239.4,237.2,238.9,156290,165370
2015-04-27,237.6,238.1,235.5,236.55,211312,168400
2015-04-28,237.65,242.5,237.35,240.75,264478,140582
2015-04-29,241.5,243.65,240.85,242.45,191776,129284
2015-04-30,242.3,243.15,240.5,241.2,179948,119576
2015-05-04,236.55,237.95,236.0,237.55,60848,110848
2015-05-05,237.65,240.0,237.65,238.5,107084,105984
2015-05-06,240.5,240.65,239.0,239.75,103940,101680
2015-05-07,243.4,243.6,240.05,240.05,45224,102864
2015-05-08,240.0,241.5,239.25,241.05,42984,105770
2015-05-11,241.8,242.4,240.5,241.15,49412,109426
2015-05-12,241.65,242.2,239.5,240.6,48302,113008
2015-05-13,243.2,243.3,241.35,242.7,59310,113768
2015-05-14,244.6,247.45,244.15,247.15,155688,128358
2015-05-15,247.5,248.8,246.55,247.45,146534,131580
2015-05-18,246.55,250.15,246.3,249.2,148128,142462
2015-05-19,249.0,249.55,247.25,247.75,117590,139706
2015-05-20,246.0,246.65,243.6,244.25,157826,127742
2015-05-21,245.0,246.05,244.6,245.1,95594,128368
2015-05-22,243.75,244.95,243.3,244.6,93404,130840
2015-05-25,244.0,244.6,243.05,244.2,96058,134514
2015-05-26,244.0,245.3,242.15,242.5,104142,140872
2015-05-27,240.2,241.6,240.2,241.1,143194,156088
2015-05-28,240.5,241.5,240.4,241.05,98436,158536
2015-05-29,240.8,241.5,239.0,240.8,121018,163448
2015-06-01,241.45,242.0,240.5,240.55,103334,168392
2015-06-02,240.65,243.95,240.3,240.85,181356,172252
2015-06-03,241.15,242.15,240.95,241.15,115948,174450
2015-06-04,240.85,241.45,238.4,239.2,140880,180144
2015-06-05,238.7,238.85,237.3,238.35,153790,186976
2015-06-08,236.25,238.65,235.5,237.7,171370,189622
2015-06-09,237.35,238.65,237.15,238.6,88838,187914
2015-06-10,239.0,239.8,238.2,239.65,95576,184534
2015-06-11,241.1,241.8,239.85,240.1,90162,179208
2015-06-12,239.7,240.0,238.7,239.5,91472,180652
2015-06-15,238.75,239.85,238.45,239.75,81150,180970
2015-06-16,238.85,241.1,238.65,240.55,116438,184750
2015-06-17,239.9,240.0,238.3,238.65,112048,184814
2015-06-18,238.65,240.8,237.85,240.3,130180,179180
2015-06-19,242.95,243.5,242.1,242.55,134734,174454
2015-06-23,239.35,239.35,234.45,237.85,70,84
2015-06-24,238.2,238.85,238.0,238.6,86736,175432
2015-06-25,238.0,238.5,237.35,238.25,94536,178444
2015-06-26,237.7,238.05,237.1,237.35,70318,182194
2015-06-29,237.15,240.45,236.5,239.25,102474,177434
2015-06-30,239.5,239.55,237.7,238.05,108750,176296
2015-07-01,237.1,238.75,236.25,237.7,130804,178778
2015-07-02,235.9,235.9,235.65,235.9,129988,190984
2015-07-03,236.2,237.0,235.6,236.7,112654,190922
2015-07-06,236.9,237.5,236.2,236.35,80562,190230
2015-07-07,236.2,238.15,235.65,236.9,89786,187446
2015-07-08,235.45,235.5,226.05,231.7,490996,206374
2015-07-09,232.7,244.25,232.3,235.4,241776,183564
2015-07-10,235.85,236.5,234.2,235.2,112944,182362
2015-07-13,235.2,236.15,234.65,235.15,90552,181494
2015-07-14,233.75,234.65,233.0,233.3,133862,188602
2015-07-15,233.8,234.7,233.3,233.5,81074,187688
2015-07-16,232.8,232.9,230.65,231.5,173142,198274
2015-07-17,230.25,231.75,230.25,231.3,98002,194776
2015-07-20,230.0,230.1,220.15,225.65,384974,208312
2015-07-21,224.6,225.0,222.3,223.05,264440,217652
2015-07-22,222.7,224.2,219.55,220.65,283762,235362
2015-07-23,219.9,222.25,219.25,221.1,278334,223608
2015-07-24,221.0,221.8,216.8,219.3,303596,234572
2015-07-27,219.0,223.7,218.1,223.7,318958,215628
2015-07-28,221.5,223.35,220.7,221.75,208244,218516
2015-07-29,221.3,222.4,221.2,221.85,143350,211334
2015-07-30,221.4,223.1,218.15,219.05,320076,237326
2015-07-31,219.45,221.35,218.05,218.15,289880,239568
2015-08-03,219.9,222.95,219.65,221.6,272524,223732
2015-08-04,220.1,220.85,217.7,219.3,209816,237116
2015-08-05,220.05,220.45,218.55,219.15,143808,242704
2015-08-06,219.55,219.8,218.15,218.7,175434,249914
2015-08-07,218.7,221.5,218.45,221.2,218824,229248
2015-08-10,218.8,222.0,218.6,221.55,251200,221392
2015-08-11,220.95,227.3,220.95,226.3,464794,218994
2015-08-12,227.9,235.55,227.5,235.45,503090,239256
2015-08-13,235.35,236.65,232.95,234.25,416448,223036
2015-08-14,233.15,233.85,231.15,232.85,228462,222040
2015-08-17,233.0,233.65,230.0,232.85,230864,217974
2015-08-18,233.1,233.45,232.05,232.45,165702,219690
2015-08-19,232.1,233.75,230.35,233.55,235948,226990
2015-08-20,233.4,237.9,233.05,236.95,323534,233756
2015-08-21,237.15,243.55,237.15,240.8,450916,246898
2015-08-24,240.3,242.5,238.85,240.0,590824,258036
2015-08-25,240.4,244.2,238.1,239.5,664454,257184
2015-08-26,240.05,240.45,235.8,236.8,518780,243656
2015-08-27,234.8,235.3,232.5,234.75,367310,237946
2015-08-28,233.6,235.85,233.0,235.25,391728,237678
2015-08-31,234.7,237.2,233.7,235.55,344230,236710
2015-09-01,234.05,237.1,233.4,236.75,242728,233592
2015-09-02,236.65,238.75,235.0,236.6,248968,234716
2015-09-03,236.65,238.75,235.0,236.2,0,234716
2015-09-07,232.85,234.4,232.85,233.25,26,102
2015-09-08,232.5,232.65,231.4,232.25,131530,232098
2015-09-09,232.7,233.85,232.5,232.9,207002,230936
2015-09-10,232.1,232.1,228.55,229.8,281406,232072
2015-09-11,230.45,230.7,229.0,229.6,238658,231116
2015-09-14,229.1,229.65,227.55,229.25,232764,227026
2015-09-15,228.8,230.15,228.3,229.3,148064,226762
2015-09-16,229.05,229.55,228.65,229.3,116810,227108
2015-09-17,231.05,233.15,230.5,231.95,247974,230978
2015-09-18,231.2,234.6,231.05,233.3,234892,222554
2015-09-21,235.6,235.95,234.55,235.7,178226,227066
2015-09-22,234.7,234.95,234.15,234.45,86282,224150
2015-09-23,232.95,233.6,232.25,233.6,115666,225516
2015-09-24,234.0,235.7,233.95,235.5,126276,226970
2015-09-25,235.95,239.35,235.8,237.2,290832,235976
2015-09-28,237.0,237.2,234.65,234.75,68928,235484
2015-09-29,233.05,234.5,231.7,232.25,143358,220178
2015-09-30,232.7,233.15,230.7,231.0,113082,212632
2015-10-01,232.7,233.15,230.7,231.9,0,212632
2015-10-08,235.35,235.8,234.6,234.9,63344,207384
2015-10-09,234.0,236.5,233.9,235.05,137844,202420
2015-10-12,237.1,238.55,235.65,238.25,198656,208586
2015-10-13,238.3,238.4,235.4,236.45,180082,196902
2015-10-14,237.35,240.6,236.9,240.35,229870,212284
2015-10-15,240.2,242.85,239.95,241.65,232528,211582
2015-10-16,241.0,243.1,240.2,240.95,277960,201892
2015-10-19,242.0,242.4,239.6,240.2,219320,198922
2015-10-20,240.8,241.2,238.75,239.95,183632,193090
2015-10-21,240.15,241.55,239.55,240.2,215012,198884
2015-10-22,240.65,240.8,238.3,239.4,193706,195940
2015-10-23,238.75,241.0,238.4,240.9,197752,194388
2015-10-26,241.5,241.5,237.8,238.7,210274,188302
2015-10-27,239.0,239.9,238.5,238.95,127366,180474
2015-10-28,238.45,240.9,238.3,240.45,164766,175400
2015-10-29,241.15,242.9,237.15,237.75,301848,162606
2015-10-30,236.6,237.1,234.45,234.85,195092,157612
2015-11-02,233.3,233.95,232.25,233.5,139320,146026
2015-11-03,233.05,233.25,232.1,232.55,93756,142148
2015-11-04,231.7,231.85,228.2,229.25,144696,138286
2015-11-05,228.55,229.65,227.2,227.4,157222,137056
2015-11-06,227.2,228.2,226.85,227.8,111246,136050
2015-11-09,227.7,228.2,223.3,224.65,196986,125470
2015-11-10,224.7,225.15,223.65,224.8,103676,111376
2015-11-11,226.95,227.7,225.65,227.2,67062,131396
2015-11-12,227.05,227.05,226.0,226.35,46310,141386
2015-11-13,225.35,226.4,223.6,225.3,121770,136892
2015-11-16,225.3,228.85,224.85,228.75,121480,146096
2015-11-17,227.95,228.0,223.9,224.5,145864,159018
2015-11-18,224.5,225.55,221.35,223.1,187126,164990
2015-11-19,222.85,224.6,222.0,224.4,133616,168638
2015-11-20,223.35,226.3,222.5,225.9,174986,167922
2015-11-23,225.65,226.65,222.3,222.95,192624,186712
2015-11-24,222.9,223.85,221.75,223.1,180118,192434
2015-11-25,224.0,225.75,223.7,224.95,257482,199628
2015-11-26,224.0,224.3,222.6,223.55,218074,208140
2015-11-27,223.4,223.9,222.2,222.95,139772,219492
2015-11-30,222.5,222.55,218.8,219.15,342424,266378
2015-12-01,219.6,224.5,219.4,224.15,293192,235026
2015-12-02,223.45,224.35,222.3,222.9,163072,231940
2015-12-03,222.7,222.7,218.55,220.0,254426,248398
2015-12-04,220.55,227.35,220.05,221.95,287942,239660
2015-12-07,221.85,228.05,221.5,227.55,532342,252852
2015-12-08,227.05,227.35,224.05,225.3,239974,250510
2015-12-09,224.6,226.75,223.8,226.3,220362,252778
2015-12-10,226.85,228.7,225.15,225.7,324392,254358
2015-12-11,225.65,226.0,224.1,225.95,209364,252256
2015-12-14,224.45,228.5,224.05,226.95,353682,254626
2015-12-15,225.9,227.8,224.8,224.85,253672,255852
2015-12-16,225.2,226.0,224.2,225.25,186970,257874
2015-12-17,225.55,227.4,225.05,225.85,261370,253136
2015-12-18,225.65,226.25,223.0,224.2,337284,268030
2015-12-21,224.6,227.5,223.9,227.25,275556,264734
2015-12-22,226.95,229.4,226.55,228.75,275796,264850
2015-12-23,228.4,229.3,227.4,227.7,179424,264502
2015-12-24,227.55,228.1,227.05,227.95,125158,265234
2015-12-25,227.95,228.65,227.6,228.35,86556,263804
2015-12-28,228.35,228.85,227.05,227.65,64944,260666
2015-12-29,227.5,228.4,226.9,228.3,105574,258636
2015-12-30,227.8,228.9,227.35,228.15,128336,262794
2015-12-31,227.35,227.8,225.65,226.05,167370,257678
2016-01-04,226.7,228.5,226.2,228.2,115918,271686
2016-01-05,229.05,230.85,228.45,230.3,262396,285116
2016-01-06,230.5,231.75,229.05,231.4,269668,298044
2016-01-07,233.05,237.4,231.65,236.6,475962,315870
2016-01-08,236.7,238.15,235.95,236.8,378540,306860
2016-01-11,236.8,238.3,235.0,237.45,353852,312682
2016-01-12,236.6,236.95,233.95,234.6,295580,287788
2016-01-13,232.85,233.25,232.05,232.25,237332,279594
2016-01-14,232.0,234.8,231.35,234.05,316336,279494
2016-01-15,233.05,233.8,231.2,232.6,263662,275630
2016-01-18,232.8,234.75,232.75,233.5,334226,278082
2016-01-19,233.55,234.0,232.5,233.2,148870,275074
2016-01-20,232.5,234.1,232.35,233.8,178390,278754
2016-01-21,235.8,237.25,235.0,236.25,299478,282528
2016-01-22,235.5,235.85,234.35,235.2,239830,273946
2016-01-25,235.1,236.15,234.55,235.8,199426,270582
2016-01-26,236.25,239.05,236.0,238.9,248890,289828
2016-01-27,238.3,240.1,237.8,239.35,238910,290040
2016-01-28,239.4,240.1,238.65,238.8,201368,288210
2016-01-29,239.1,239.75,237.8,238.3,232398,285544
2016-02-01,238.4,240.1,237.5,239.9,199550,296222
2016-02-02,240.25,241.35,239.4,240.55,184274,303304
2016-02-03,240.55,241.85,240.2,241.45,197552,305490
2016-02-04,242.0,244.2,240.8,243.95,268622,295142
2016-02-05,244.6,246.25,244.4,245.9,225544,280014
2016-02-15,258.5,259.9,255.6,256.15,190718,276240
2016-02-16,254.8,255.3,251.5,253.1,309996,283638
2016-02-17,255.4,255.85,252.15,255.05,397254,288710
2016-02-18,255.0,255.75,253.8,254.85,310824,289972
2016-02-19,254.5,259.5,254.3,258.0,369542,302822
2016-02-22,258.95,259.6,255.9,256.2,468326,303564
2016-02-23,254.35,257.0,254.35,256.3,374288,300378
2016-02-24,256.95,259.25,256.6,258.45,449322,312306
2016-02-25,260.25,264.6,259.4,261.5,797662,330980
2016-02-26,261.3,262.5,259.15,261.85,608646,331884
2016-02-29,261.65,261.7,256.25,259.4,756284,329216
2016-03-01,260.1,263.65,259.0,263.05,552970,351736
2016-03-02,263.0,263.9,259.1,259.85,637386,329022
2016-03-03,260.5,262.55,259.7,262.05,520756,338906
2016-03-04,262.7,265.95,261.6,265.6,627072,351182
2016-03-07,265.95,268.7,263.25,265.65,896440,335068
2016-03-08,267.25,267.8,265.2,266.7,535820,342884
2016-03-09,267.65,267.95,263.0,264.05,513264,332420
2016-03-10,263.95,264.35,261.1,261.9,530230,319344
2016-03-11,261.0,268.85,260.15,265.75,868980,326228
2016-03-14,265.3,265.9,262.1,262.5,544586,318588
2016-03-15,263.0,263.75,257.05,257.85,586332,318154
2016-03-16,259.15,259.55,257.35,259.45,402560,319314
2016-03-17,258.75,264.35,257.65,263.3,500638,316900
2016-03-18,263.8,264.85,262.6,263.35,403442,308886
2016-03-21,261.1,262.5,259.2,259.7,340072,303776
2016-03-22,259.6,261.45,259.25,261.4,263124,305662
2016-03-23,262.4,262.95,258.15,258.35,331106,304448
2016-03-24,256.35,256.85,255.0,255.1,380646,294312
2016-03-25,256.3,256.75,255.65,256.1,164146,293992
2016-03-28,255.95,256.65,254.0,255.05,147416,297086
2016-03-29,255.75,256.6,255.25,255.75,185942,290892
2016-03-30,256.15,259.8,255.85,258.6,378770,285732
2016-03-31,258.0,258.1,255.35,256.15,269920,279210
2016-04-01,257.5,257.8,256.1,257.2,232786,272338
2016-04-05,258.9,258.9,245.65,258.9,16,54
2016-04-06,257.5,257.7,256.1,256.75,194794,273552
2016-04-07,255.2,257.05,255.0,256.45,227246,279408
2016-04-08,258.4,259.35,257.65,258.0,257602,283298
2016-04-11,257.7,261.1,257.4,260.55,245542,287684
2016-04-12,260.95,262.0,260.4,261.8,189268,291346
2016-04-13,262.05,262.65,260.05,260.4,268234,282358
2016-04-14,260.5,261.05,257.0,257.8,273610,278694
2016-04-15,257.6,258.25,256.05,257.2,236076,265642
2016-04-18,257.15,258.7,256.2,257.35,217164,259854
2016-04-19,258.55,260.0,256.55,259.85,239320,260238
2016-04-20,261.0,262.45,259.65,260.65,325448,258636
2016-04-21,261.0,264.1,260.0,264.0,350660,274058
2016-04-22,265.7,266.5,260.0,260.6,401306,242932
2016-04-25,260.7,261.3,256.95,258.65,372910,221956
2016-04-26,258.75,260.0,258.0,258.1,172382,208928
2016-04-27,258.55,261.45,258.25,261.3,253034,193114
2016-04-28,261.9,262.75,259.3,262.25,342874,177568
2016-04-29,262.15,267.85,261.75,266.45,347256,177698
2016-05-03,273.0,274.45,272.4,274.45,64,122
2016-05-04,273.65,273.65,270.3,270.65,166064,217452
2016-05-05,271.55,272.7,269.3,270.25,168280,223004
2016-05-06,271.75,272.0,267.65,270.75,257778,229060
2016-05-09,272.8,273.45,269.7,270.05,364526,244720
2016-05-10,268.75,268.95,266.2,267.6,269504,232556
2016-05-11,267.25,269.45,265.35,268.9,252092,238998
2016-05-12,269.45,270.0,267.65,268.1,195620,240004
2016-05-13,268.25,270.7,267.3,270.1,309730,251788
2016-05-16,267.9,272.4,267.8,272.05,297706,281686
2016-05-17,272.7,273.15,269.2,270.1,278192,270764
2016-05-18,269.65,271.55,269.5,270.2,236438,276598
2016-05-19,269.95,271.2,265.9,265.95,362390,279720
2016-05-20,264.1,266.85,264.1,266.1,229012,285308
2016-05-23,266.8,267.45,264.75,265.45,237010,296306
2016-05-24,264.55,265.75,263.5,263.6,244742,302680
2016-05-25,262.8,263.6,259.55,259.7,318086,311778
2016-05-26,259.2,261.75,258.35,260.7,236722,307562
2016-05-27,260.9,261.55,257.15,259.5,282392,304944
2016-05-30,258.8,258.95,255.15,256.45,298804,311692
2016-05-31,256.75,259.0,256.5,258.95,207452,280976
2016-06-01,258.2,260.45,258.15,259.35,224472,282330
2016-06-02,259.8,259.8,257.3,259.65,206500,285598
2016-06-03,259.5,259.5,257.9,258.65,148472,283090
2016-06-06,263.25,264.75,262.95,264.4,298338,269594
2016-06-07,264.9,265.5,263.9,264.85,183862,266688
2016-06-08,264.0,266.7,263.8,266.55,161948,269490
2016-06-13,272.0,274.4,271.45,274.15,181804,283924
2016-06-14,275.0,275.25,272.75,273.35,210538,279248
2016-06-15,274.5,275.8,273.8,275.0,246178,296320
2016-06-16,274.4,280.4,273.65,279.95,363092,324660
2016-06-17,279.95,281.15,272.1,273.2,546056,320060
2016-06-20,274.6,276.35,272.8,273.75,327082,318602
2016-06-21,273.65,275.05,272.55,273.2,252118,317422
2016-06-22,271.0,271.6,268.8,269.6,275022,314488
2016-06-23,269.1,271.15,269.0,269.75,240326,311720
2016-06-24,268.4,283.35,268.2,282.25,997696,351222
2016-06-27,283.5,285.15,280.35,284.65,580666,336628
2016-06-28,285.1,285.65,282.85,283.35,325764,337380
2016-06-29,282.85,284.7,282.2,284.3,300974,339374
2016-06-30,284.5,285.5,282.7,283.0,287436,333492
2016-07-01,283.55,288.6,283.1,287.15,445956,356164
2016-07-04,288.05,293.7,287.5,292.15,558068,391306
2016-07-05,292.6,292.85,288.6,290.8,344286,368924
2016-07-06,291.75,297.7,289.75,296.7,542390,381340
2016-07-07,296.95,297.4,295.1,295.7,341338,374042
2016-07-08,294.6,294.6,291.75,292.8,337310,356062
2016-07-11,291.05,297.0,290.9,295.0,434348,361060
2016-07-12,293.0,294.75,292.55,293.6,252080,367662
2016-07-13,291.8,292.35,287.65,290.8,450672,372344
2016-07-14,290.55,291.85,288.55,288.85,304580,367140
2016-07-15,286.3,289.2,285.75,288.95,277810,370190
2016-07-18,288.25,289.2,286.75,288.15,303768,368142
2016-07-19,288.4,290.25,287.65,288.7,239612,372068
2016-07-20,288.8,289.7,287.55,287.55,219452,373546
2016-07-21,284.85,285.6,283.5,284.6,263726,362946
2016-07-22,284.9,288.0,284.15,286.3,284348,359946
2016-07-25,286.2,286.5,284.05,284.8,194602,358870
2016-07-26,284.7,286.25,283.65,285.2,197578,358204
2016-07-27,285.5,285.95,284.3,285.0,170012,362740
2016-07-28,285.6,289.8,285.6,289.25,282092,367096
2016-07-29,289.8,289.8,287.15,287.45,218240,359396
2016-08-01,290.0,290.7,287.9,289.65,263120,364264
2016-08-02,289.95,291.4,289.65,291.15,186350,368132
2016-08-03,292.7,293.35,292.1,292.6,182442,369418
2016-08-04,292.55,292.55,289.65,289.75,229126,363464
2016-08-05,292.65,293.5,291.8,293.3,189834,367134
2016-08-08,290.0,290.1,286.9,287.05,260816,362960
2016-08-09,287.65,288.2,286.7,286.8,133298,361456
2016-08-10,287.15,291.4,287.0,290.9,208638,361804
2016-08-11,291.15,291.25,287.95,288.5,218884,364760
2016-08-12,289.25,290.6,287.0,288.25,207452,361684
2016-08-15,290.7,291.05,283.8,287.7,276634,354846
2016-08-16,287.2,289.6,287.05,289.0,168358,358256
2016-08-17,288.85,289.35,287.3,287.6,220036,355932
2016-08-18,288.15,290.25,286.15,289.3,202202,357676
2016-08-19,289.3,289.9,288.45,289.3,159760,357870
2016-08-22,287.3,289.5,286.3,286.7,230778,363330
2016-08-23,287.35,287.65,286.8,287.25,105430,358476
2016-08-24,288.15,288.45,287.0,287.4,134914,358384
2016-08-25,286.65,286.65,284.3,284.75,192890,361324
2016-08-26,283.75,285.15,283.15,284.8,118746,355384
2016-08-29,286.3,288.8,283.2,283.9,418364,355204
2016-08-30,284.5,285.65,284.35,284.65,143950,346096
2016-08-31,284.25,284.75,282.8,283.4,197694,337940
2016-09-01,282.4,283.6,282.15,282.75,166752,327980
2016-09-02,282.1,284.05,282.0,283.15,214742,320942
2016-09-05,285.85,287.0,284.85,286.65,227614,321394
2016-09-06,286.75,287.0,286.4,286.95,77624,318452
2016-09-07,288.25,291.7,288.05,290.85,237860,317164
2016-09-08,290.95,291.0,289.15,290.45,131246,315700
2016-09-09,290.0,290.15,288.45,288.65,179550,317912
2016-09-12,288.6,289.2,286.6,287.5,183842,320156
2016-09-13,286.65,288.1,285.85,287.45,190612,318016
2016-09-14,286.5,287.1,284.85,286.0,173902,320806
2016-09-19,283.55,284.85,283.05,284.55,84438,321814
2016-09-20,284.1,284.9,284.1,284.85,103348,323364
2016-09-21,284.55,285.75,283.75,285.35,152780,324646
2016-09-22,287.0,288.25,284.85,287.7,208376,314404
2016-09-23,288.3,289.7,287.85,288.15,169772,310996
2016-09-26,288.7,288.9,287.5,288.1,126784,306600
2016-09-27,288.65,289.3,287.6,287.7,135572,307978
2016-09-28,287.45,287.5,285.3,285.45,173412,304024
2016-09-29,285.6,285.95,284.4,284.75,133208,298064
2016-09-30,283.9,285.55,283.9,285.3,125074,292310
2016-10-10,273.6,274.2,272.35,274.0,151026,282202
2016-10-11,273.3,274.1,273.05,273.9,180290,294926
2016-10-12,273.05,274.05,272.95,273.3,142370,295548
2016-10-13,273.05,274.7,272.5,274.2,211380,295356
2016-10-14,273.75,274.9,273.25,273.45,156426,296788
2016-10-17,272.8,274.25,272.6,273.7,194610,299380
2016-10-18,273.65,275.4,273.45,275.2,150702,298968
2016-10-19,275.05,275.75,274.15,275.2,136832,296264
2016-10-20,276.8,277.7,276.5,277.25,156082,295204
2016-10-21,277.25,277.95,275.7,276.3,165012,284304
2016-10-24,277.1,277.4,276.5,277.05,130816,281088
2016-10-25,278.25,278.8,276.6,277.9,170374,278640
2016-10-26,278.15,279.9,277.9,279.2,186498,259932
2016-10-27,278.6,279.1,277.4,278.25,154518,241346
2016-10-28,279.1,279.45,277.95,278.5,146162,226468
2016-10-31,277.45,281.35,277.45,279.65,231556,208032
2016-11-01,279.2,280.75,278.75,280.25,122000,196426
2016-11-02,281.55,283.1,281.35,282.95,142370,191694
2016-11-03,283.4,285.0,283.1,283.75,153342,179110
2016-11-04,282.4,284.55,282.1,282.4,135836,165716
2016-11-07,284.05,284.75,281.6,281.85,134896,152006
2016-11-08,281.75,281.8,279.65,281.2,98046,146142
2016-11-09,283.3,293.0,281.75,291.65,270780,179558
2016-11-10,288.0,289.6,283.3,286.15,217030,199378
2016-11-11,285.05,286.0,279.25,281.75,248716,217910
2016-11-14,280.9,282.0,269.8,272.95,360232,228372
2016-11-15,273.95,276.45,272.8,275.95,245686,229724
2016-11-16,275.85,277.65,275.0,277.05,180050,233816
2016-11-17,276.55,277.5,276.25,276.5,136938,235730
2016-11-18,277.0,277.15,273.05,273.45,216120,241806
2016-11-21,273.85,275.6,273.0,275.55,189682,248640
2016-11-22,275.6,276.95,274.5,276.25,179428,253582
2016-11-23,276.2,276.95,275.05,276.6,177860,255416
2016-11-24,276.0,276.0,272.7,273.7,340644,266746
2016-11-25,273.4,273.65,268.45,271.4,253516,272100
2016-11-28,272.5,275.3,271.25,273.8,256832,272312
2016-11-29,273.6,274.55,272.4,272.75,204490,275378
2016-11-30,271.5,272.3,270.55,271.05,200036,278538
2016-12-01,270.15,270.9,266.6,269.25,318392,296638
2016-12-02,267.95,269.4,266.6,268.85,206838,301358
2016-12-05,268.1,270.9,267.05,268.75,289230,302008
2016-12-06,268.3,269.5,267.1,268.15,234960,315832
2016-12-07,268.6,268.65,267.45,267.7,170588,326816
2016-12-08,268.6,270.95,268.35,269.75,244680,329794
2016-12-09,269.35,270.2,268.3,269.5,177508,331766
2016-12-12,268.35,269.35,267.2,267.95,203912,344840
2016-12-13,267.7,269.35,267.25,268.2,173102,349590
2016-12-14,268.15,269.9,267.65,269.65,247566,366272
2016-12-15,269.6,270.6,264.8,266.95,312470,366840
2016-12-16,265.0,265.85,264.3,265.35,235872,357144
2016-12-19,265.45,266.95,265.1,266.6,172448,356986
2016-12-20,266.45,266.9,264.55,265.25,157024,353076
2016-12-21,263.8,265.45,262.1,264.85,208540,354770
2016-12-22,264.45,264.85,262.8,263.3,119052,360090
2016-12-23,262.8,264.3,262.45,263.55,155500,366702
2016-12-26,263.75,265.1,263.3,264.75,127840,359872
2016-12-27,264.85,266.1,264.4,266.1,132016,367772
2016-12-28,266.15,267.85,265.35,267.3,172420,368704
2016-12-29,266.5,269.15,266.0,268.75,217154,370722
2016-12-30,268.05,272.15,268.0,271.35,257682,383078
2017-01-02,268.05,272.15,268.0,268.05,0,383078
2017-01-03,269.7,271.15,269.45,269.75,134748,391396
2017-01-04,268.5,271.25,268.35,270.4,237240,403990
2017-01-05,270.3,270.6,268.15,269.5,281262,401602
2017-01-06,269.0,269.85,268.7,268.85,231806,394922
2017-01-09,268.65,270.4,268.65,269.75,175304,395864
2017-01-10,270.35,272.1,270.2,271.5,201672,401688
2017-01-11,271.25,272.4,270.9,271.85,183268,396044
2017-01-12,271.7,272.55,268.65,272.25,342304,388946
2017-01-13,272.3,272.5,270.5,271.25,185390,379636
2017-01-16,271.6,273.45,270.45,272.95,215196,382384
2017-01-17,272.5,274.9,272.25,274.6,158070,383002
2017-01-18,274.1,274.95,272.45,273.5,194254,373502
2017-01-19,273.15,273.6,270.2,270.7,176830,365152
2017-01-20,271.2,271.75,270.1,271.4,159596,364202
2017-01-23,270.85,273.7,270.55,272.75,175522,362246
2017-01-24,272.7,273.3,272.1,272.35,119818,358716
2017-01-25,272.15,272.8,267.85,269.6,149430,338086
2017-01-26,269.6,270.05,266.65,267.6,142822,318662
2017-02-03,270.1,271.95,270.1,271.6,82082,306362
2017-02-06,271.3,274.4,270.25,274.3,190770,318510
2017-02-07,275.15,276.7,274.6,276.5,160366,321182
2017-02-08,276.35,277.25,275.85,276.75,142374,324290
2017-02-09,278.7,279.2,278.05,278.2,148408,319670
2017-02-10,278.1,278.85,274.6,275.25,220922,307194
2017-02-13,275.6,277.3,275.3,276.4,197398,299460
2017-02-14,276.0,276.2,274.05,276.0,163040,296866
2017-02-15,276.6,276.7,274.0,274.95,188556,292854
2017-02-16,275.0,277.15,273.5,276.35,224336,288304
2017-02-17,277.25,277.9,276.8,277.45,155914,289940
2017-02-20,278.2,278.6,276.2,276.85,148746,286374
2017-02-21,277.15,277.65,276.6,277.5,99214,285070
2017-02-22,276.5,278.15,275.75,277.2,159914,284724
2017-02-23,277.65,278.15,276.5,277.75,153238,283014
2017-02-24,278.8,281.7,278.4,281.15,273622,311104
2017-02-27,282.2,282.45,280.55,282.15,180334,300578
2017-02-28,281.85,283.35,280.95,281.2,160636,294068
2017-03-01,281.15,281.95,278.65,279.15,209236,283306
2017-03-02,279.1,280.4,278.15,279.45,170848,281422
2017-03-03,278.9,279.25,276.9,277.4,238202,275322
2017-03-06,276.9,278.55,276.5,277.45,182046,275560
2017-03-07,277.45,277.9,276.1,276.4,137414,277758
2017-03-08,276.0,276.0,274.5,274.55,174404,271694
2017-03-09,273.95,274.7,272.6,273.25,213736,275000
2017-03-10,273.4,273.85,271.0,271.05,200774,274928
2017-03-13,271.15,273.65,270.75,273.65,247398,267394
2017-03-14,272.5,273.1,272.2,272.35,129460,270226
2017-03-15,272.55,273.25,271.6,272.5,150980,270808
2017-03-16,271.8,277.3,271.6,277.15,261416,274042
2017-03-17,278.15,278.25,276.5,277.05,137970,267062
2017-03-20,277.4,278.55,276.95,278.45,138722,277684
2017-03-21,278.25,278.75,276.65,277.35,167944,267612
2017-03-22,277.65,280.35,277.5,279.8,244648,273378
2017-03-23,279.75,280.2,278.9,279.75,164432,266140
2017-03-24,280.45,280.7,278.45,278.95,184200,262698
2017-03-27,279.2,282.25,278.75,282.0,162888,270268
2017-03-28,282.05,282.35,280.95,281.2,148832,262582
2017-03-29,282.05,282.15,280.05,280.6,159592,257224
2017-03-30,280.95,281.2,280.1,280.6,126756,256928
2017-03-31,280.35,280.35,278.2,278.6,178510,247488
2017-04-05,281.2,281.75,280.75,281.25,74992,249036
2017-04-06,280.2,281.7,279.2,281.25,198064,242570
2017-04-07,281.05,285.45,280.4,283.5,294194,250516
2017-04-10,284.45,285.05,281.15,282.2,254310,239110
2017-04-11,281.25,282.95,280.9,282.75,169940,245826
2017-04-12,283.4,287.1,283.25,285.85,316430,262642
2017-04-13,286.1,288.0,285.1,287.15,242774,255082
2017-04-14,287.55,288.05,286.75,287.7,152170,259634
2017-04-17,288.05,290.05,286.95,287.2,196830,241540
2017-04-18,286.9,287.9,285.8,286.45,194112,234448
2017-04-19,286.6,287.7,285.2,286.3,250222,226460
2017-04-20,286.55,286.75,284.75,286.1,216358,218118
2017-04-21,285.95,286.35,285.25,285.9,170642,209336
2017-04-24,286.35,287.95,283.5,283.9,310052,189796
2017-04-25,283.35,284.4,282.95,283.9,166292,179352
2017-04-26,282.75,283.55,282.15,282.45,183112,165780
2017-04-27,282.55,283.55,282.05,282.85,154594,153054
2017-04-28,283.1,283.25,282.3,283.2,129946,140542
2017-05-02,283.8,284.4,283.55,283.9,39920,163774
2017-05-03,283.05,283.7,282.85,283.3,30714,165456
2017-05-04,283.0,283.25,278.7,279.65,92606,174724
2017-05-05,278.05,280.0,277.4,278.8,102698,182136
2017-05-08,278.3,279.35,278.05,278.5,86346,188964
2017-05-09,278.65,279.4,277.5,278.45,128798,191426
2017-05-10,277.35,277.4,275.65,277.05,118918,201004
2017-05-11,277.25,277.55,276.3,277.35,92586,205942
2017-05-12,277.0,278.5,276.95,278.1,119980,211756
2017-05-15,278.75,279.55,277.75,279.4,124840,220070
2017-05-16,280.15,280.65,279.0,280.0,118992,220422
2017-05-17,280.05,281.3,279.5,280.95,133590,230274
2017-05-18,282.5,284.75,282.35,283.25,230310,237936
2017-05-19,283.55,284.2,281.6,282.65,186950,244610
2017-05-22,283.3,283.6,282.15,283.3,114482,249876
2017-05-23,284.05,285.2,283.45,285.2,123256,262554
2017-05-24,285.0,285.1,281.5,281.85,170178,267980
2017-05-25,282.5,283.8,281.75,283.3,136700,275156
2017-05-26,282.75,283.5,282.0,283.35,104532,275262
2017-05-31,283.05,283.3,281.65,281.65,74258,281108
2017-06-01,282.35,283.15,281.4,281.85,157458,283362
2017-06-02,281.25,282.2,280.6,280.85,129192,288512
2017-06-05,283.0,285.2,282.75,284.55,215452,304850
2017-06-06,284.8,286.5,284.05,286.3,135910,316800
2017-06-07,286.6,287.2,286.25,286.6,138618,325410
2017-06-08,286.55,286.9,285.05,285.75,141700,326824
2017-06-09,285.15,285.4,282.15,282.5,223770,332974
2017-06-12,281.8,281.9,281.0,281.05,151544,339722
2017-06-13,280.85,281.6,280.35,281.15,105884,340090
2017-06-14,280.35,282.4,280.05,281.7,131122,334782
2017-06-15,283.0,284.65,279.7,279.85,238286,340830
2017-06-16,278.5,279.8,278.3,279.35,147956,342074
2017-06-19,279.65,279.8,278.5,278.85,99854,343958
2017-06-20,278.55,278.9,277.6,278.25,111782,344998
2017-06-21,278.05,278.5,277.3,278.15,104238,344970
2017-06-22,277.85,280.3,277.3,279.9,135198,341690
2017-06-23,280.15,280.55,279.1,280.45,119404,337016
2017-06-26,281.55,281.55,280.35,280.6,78260,333442
2017-06-27,278.35,279.45,277.9,279.4,170412,326864
2017-06-28,278.6,279.3,278.05,278.75,168850,332470
2017-06-29,278.95,279.15,277.7,278.15,158992,337162
2017-06-30,276.4,277.35,275.4,275.5,221690,338722
2017-07-03,275.3,276.3,274.35,274.6,142246,343202
2017-07-04,273.25,273.35,271.6,272.6,190506,346746
2017-07-05,272.7,273.3,272.05,272.4,102604,345904
2017-07-06,271.1,273.2,271.05,272.85,129270,346032
2017-07-07,272.9,273.25,271.6,272.2,115020,347806
2017-07-10,272.25,272.35,268.0,268.8,241862,349336
2017-07-11,269.35,270.7,268.95,270.0,139294,347824
2017-07-12,270.1,271.65,269.25,271.0,156136,348784
2017-07-13,272.35,272.45,271.05,271.75,154644,352132
2017-07-14,271.5,271.5,269.85,270.65,113550,353988
2017-07-17,273.15,273.45,272.3,273.0,163458,350286
2017-07-18,273.7,274.4,273.5,273.7,125924,341346
2017-07-19,274.3,274.75,273.85,274.05,113988,336326
2017-07-20,274.55,274.75,273.9,274.2,100138,343990
2017-07-21,274.3,275.85,273.5,275.8,173552,349878
2017-07-24,276.7,277.45,276.05,276.45,124830,348868
2017-07-25,277.35,277.4,276.15,276.8,99046,346342
2017-07-26,276.1,276.5,274.15,274.4,142662,350512
2017-07-27,274.8,278.05,274.6,277.6,164112,342962
2017-07-28,277.9,277.95,276.6,277.25,149302,338706
2017-07-31,277.95,278.95,277.65,278.05,147076,339218
2017-08-01,278.3,278.5,277.75,278.0,92472,345998
2017-08-02,278.0,279.05,277.55,277.95,160750,349628
2017-08-03,277.6,278.8,276.6,276.9,147540,351140
2017-08-04,277.55,278.55,277.4,278.45,143116,359734
2017-08-07,277.0,277.25,275.65,275.95,175064,353954
2017-08-08,275.85,276.5,275.35,275.7,112310,353302
2017-08-09,276.2,277.6,274.15,276.45,186480,353536
2017-08-10,278.1,278.8,277.4,278.45,187428,350424
2017-08-11,279.35,280.3,278.85,279.85,222826,355820
2017-08-14,279.75,280.3,278.55,279.75,175078,355662
2017-08-15,278.9,279.75,277.0,277.85,182520,348620
2017-08-16,276.55,277.9,276.35,276.95,119916,347326
2017-08-17,277.1,280.45,276.65,279.95,192184,352070
2017-08-18,279.45,280.5,278.75,280.5,144594,360176
2017-08-21,281.8,282.6,278.75,279.7,238136,361748
2017-08-22,279.8,280.95,279.0,279.1,149470,358624
2017-08-23,279.65,280.4,278.35,279.15,148734,354190
2017-08-24,279.75,279.9,279.05,279.25,119042,355920
2017-08-25,279.3,279.75,278.6,279.05,111830,358560
2017-08-28,278.95,280.9,276.5,280.45,263900,358164
2017-08-29,280.3,283.8,279.75,283.8,215014,369830
2017-08-30,283.8,284.3,280.25,280.35,220274,358480
2017-08-31,280.35,281.3,279.2,279.9,141360,358378
2017-09-01,280.9,282.65,280.7,281.8,173324,357650
2017-09-04,282.25,285.0,281.2,284.2,248002,358922
2017-09-05,283.2,284.05,282.75,283.65,118342,359688
2017-09-06,282.9,284.45,282.85,284.1,167572,356580
2017-09-07,283.9,284.1,282.4,283.05,171472,354744
2017-09-08,283.65,283.95,282.75,283.7,234876,346738
2017-09-11,283.25,283.85,281.75,282.4,205840,346546
2017-09-12,282.3,282.75,280.9,281.1,138828,337000
2017-09-13,281.2,282.05,281.05,281.5,105588,340730
2017-09-14,281.8,282.05,280.55,281.15,152354,340358
2017-09-15,281.75,282.9,281.4,282.45,148056,339532
2017-09-18,281.8,281.95,279.75,279.85,166142,335756
2017-09-19,279.65,280.3,278.85,279.8,146266,320598
2017-09-20,279.65,280.35,279.45,280.05,93828,319206
2017-09-21,280.05,280.95,277.5,277.5,196020,315744
2017-09-22,276.7,278.0,276.55,277.95,152812,303544
2017-09-25,277.2,277.85,277.0,277.6,101102,305276
2017-09-26,278.0,282.15,277.75,281.8,209918,298340
2017-09-27,280.15,281.2,279.05,279.2,177298,302816
2017-09-28,278.55,278.95,277.35,277.7,157036,289274
2017-09-29,278.05,279.05,277.75,278.9,99056,286592
2017-10-09,278.1,278.1,278.1,278.1,6,2
2017-10-10,276.65,277.3,276.4,276.65,89448,297970
2017-10-11,276.65,277.3,275.85,276.1,102690,301148
2017-10-12,276.35,277.5,275.5,277.1,106566,301212
2017-10-13,276.75,277.5,276.3,277.2,81608,298044
2017-10-16,277.75,278.85,277.3,278.7,122152,296106
2017-10-17,279.0,279.05,277.0,277.25,132882,283332
2017-10-18,276.75,276.95,276.1,276.15,109406,278086
2017-10-19,275.95,276.45,275.2,275.7,108490,269550
2017-10-20,276.2,276.9,275.8,276.05,116690,265528
2017-10-23,276.0,276.05,274.8,274.9,123402,262902
2017-10-24,274.7,276.25,274.45,275.8,102460,256802
2017-10-25,275.35,275.45,274.5,274.55,105748,250284
2017-10-26,274.4,275.85,274.4,275.8,127364,244458
2017-10-27,275.2,275.65,273.65,273.95,146570,237496
2017-10-30,273.65,274.8,273.65,274.3,132546,220844
2017-10-31,274.25,275.15,274.15,274.5,129702,197174
2017-11-01,273.9,274.15,273.1,273.9,107352,184966
2017-11-02,273.8,274.2,273.0,274.0,82780,180296
2017-11-03,273.7,274.8,273.5,274.0,81612,180534
2017-11-06,274.1,274.65,272.8,273.4,95554,174718
2017-11-07,273.75,275.4,273.55,274.75,81728,163132
2017-11-08,274.8,275.05,273.9,274.8,63420,160210
2017-11-09,275.1,276.15,275.05,275.75,82990,144354
2017-11-10,280.9,281.2,280.3,280.85,58324,161310
2017-11-13,281.1,281.15,279.3,279.65,43774,160978
2017-11-14,279.8,280.15,279.2,279.3,36148,163660
2017-11-15,278.85,280.3,278.25,279.8,82062,167836
2017-11-16,280.2,280.65,278.85,279.15,109230,170206
2017-11-17,279.35,280.1,279.05,280.1,83458,177048
2017-11-20,280.0,284.15,279.9,281.65,124816,198364
2017-11-21,281.6,282.0,279.1,279.9,125686,194856
2017-11-22,279.35,280.6,279.25,279.95,98470,197390
2017-11-23,280.15,280.95,279.85,280.1,92712,200858
2017-11-24,280.15,280.45,279.5,280.45,61598,203922
2017-11-27,280.05,280.5,279.65,280.45,75548,208924
2017-11-28,281.25,282.4,281.0,281.55,141338,234998
2017-11-29,281.75,282.05,280.65,281.75,89514,235040
2017-11-30,281.55,281.6,279.3,279.55,160322,219304
2017-12-01,279.35,279.35,277.4,277.75,116132,223136
2017-12-04,277.6,279.95,276.7,277.55,158454,228100
2017-12-05,277.3,278.3,277.25,277.7,77562,232240
2017-12-06,277.55,277.7,275.1,276.05,151124,239546
2017-12-07,275.85,276.35,273.45,274.15,128306,251254
2017-12-08,273.65,273.95,272.05,272.35,115350,264838
2017-12-11,272.25,273.2,271.5,272.55,112536,265648
2017-12-12,272.9,272.9,271.25,271.9,77378,269106
2017-12-13,271.6,272.05,270.9,271.85,77742,267944
2017-12-14,271.75,275.15,271.6,274.25,148848,262238
2017-12-15,274.1,274.6,273.5,274.25,84622,264592
2017-12-18,274.75,275.3,273.7,274.4,110138,265180
2017-12-19,274.95,275.9,274.45,275.55,107556,264386
2017-12-20,275.35,275.5,274.8,274.95,73426,262544
2017-12-21,275.15,275.3,274.35,274.7,87822,265840
2017-12-22,274.5,275.05,274.25,274.9,64172,266088
2017-12-25,275.25,276.75,274.9,276.6,85190,262910
2017-12-26,276.45,276.6,275.6,276.5,41718,262238
2017-12-27,276.5,277.2,276.3,277.15,71938,255188
2017-12-28,277.45,278.55,277.35,278.05,75412,253730
2017-12-29,278.0,278.3,277.45,277.8,70460,247600
2018-01-02,279.55,279.9,278.95,279.4,54760,255972
2018-01-03,279.8,281.45,279.45,280.35,120498,269758
2018-01-04,280.25,280.5,278.35,279.0,115606,268078
2018-01-05,279.3,280.5,278.4,279.85,131968,271418
2018-01-08,279.55,280.8,279.05,280.2,122670,265332
2018-01-09,280.35,281.0,280.0,280.55,97146,269750
2018-01-10,280.6,280.85,279.75,279.95,100630,275136
2018-01-11,281.7,281.85,280.5,280.85,107986,277640
2018-01-12,280.95,281.8,280.55,281.55,107150,281512
2018-01-15,281.7,282.6,280.05,282.05,154100,281200
2018-01-16,282.25,282.35,281.65,281.85,59212,280918
2018-01-17,281.05,281.9,280.55,280.8,120036,277878
2018-01-18,280.95,281.0,278.65,279.25,120704,275960
2018-01-19,278.8,279.4,277.9,278.35,123998,275066
2018-01-22,278.9,279.15,278.45,278.5,91784,274708
2018-01-23,278.9,279.6,278.6,279.4,106384,282894
2018-01-24,279.65,280.7,279.15,280.7,129994,289142
2018-01-25,281.25,282.05,280.75,281.75,147606,289750
2018-01-26,280.65,281.25,279.15,279.95,160632,289436
2018-01-29,279.4,280.0,278.55,278.7,116526,295796
2018-01-30,278.25,278.75,276.2,276.35,142162,298672
2018-01-31,277.55,278.05,276.45,276.6,130220,294800
2018-02-01,276.1,276.8,275.6,276.05,107992,291744
2018-02-02,275.85,276.85,275.6,276.4,95114,295254
2018-02-05,276.15,276.5,273.75,274.0,179670,302310
2018-02-06,274.3,277.4,273.8,276.0,165138,308226
2018-02-07,274.95,274.95,271.65,272.3,173706,308076
2018-02-08,271.65,272.15,270.35,271.7,169214,312778
2018-02-09,272.3,274.5,271.8,273.05,153838,314210
2018-02-12,271.85,273.1,270.85,272.9,165634,319818
2018-02-13,272.7,274.3,272.65,274.25,106204,315230
2018-02-14,274.65,276.15,273.55,276.1,101596,307424
2018-02-22,274.7,274.8,273.3,273.65,69122,313768
2018-02-23,274.0,275.0,274.0,274.6,89858,321220
2018-02-26,275.05,275.95,274.1,275.85,105090,328434
2018-02-27,275.25,275.6,274.05,274.4,109948,324142
2018-02-28,274.35,274.4,271.7,272.05,164380,328194
2018-03-01,272.35,272.75,271.35,271.7,96650,330226
2018-03-02,270.95,273.05,270.7,272.7,176954,336474
2018-03-05,273.3,273.9,272.45,273.65,128004,333908
2018-03-06,273.35,273.5,272.35,273.3,81380,334266
2018-03-07,273.7,275.3,273.6,274.5,159050,328022
2018-03-08,274.0,274.35,273.15,274.0,130368,333818
2018-03-09,273.75,274.15,272.35,272.55,119300,334198
2018-03-12,272.4,273.25,271.45,272.5,155822,331402
2018-03-13,271.8,272.9,271.65,272.3,91312,336476
2018-03-14,273.0,273.6,271.9,272.75,144588,334406
2018-03-15,272.2,272.85,272.0,272.5,86940,334692
2018-03-16,271.75,271.9,270.9,271.35,112028,335706
2018-03-19,271.5,271.6,269.65,270.05,133874,339980
2018-03-20,270.55,271.5,270.3,271.2,94422,339400
2018-03-21,270.45,271.3,269.9,271.15,104436,338814
2018-03-22,271.6,274.25,271.55,273.5,214702,336210
2018-03-23,274.2,276.55,273.3,276.5,222076,338094
2018-03-26,276.9,277.25,275.85,276.15,176800,332560
2018-03-27,275.45,276.65,275.35,275.8,132922,330844
2018-03-28,274.3,275.15,273.95,274.2,137984,325736
2018-03-29,273.45,273.7,270.95,271.05,197124,316296
2018-03-30,271.0,271.6,270.85,271.55,77390,316812
2018-04-02,271.65,272.35,271.3,271.75,73540,315638
2018-04-03,272.5,274.6,272.3,273.75,159884,309224
2018-04-04,273.35,273.5,271.6,273.4,139306,308904
2018-04-09,273.0,273.2,272.4,272.55,63718,309468
2018-04-10,273.35,274.15,272.4,272.7,119642,309026
2018-04-11,273.35,274.35,272.75,274.3,144666,317112
2018-04-12,275.9,276.8,274.35,275.2,281170,313048
2018-04-13,274.4,274.65,272.65,273.15,170916,305098
2018-04-16,273.2,274.9,272.9,274.25,175852,306138
2018-04-17,274.25,274.85,273.85,274.65,109886,304832
2018-04-18,273.15,274.75,273.05,274.5,123876,298582
2018-04-19,275.6,275.8,274.55,275.2,155956,296316
2018-04-20,274.35,274.75,273.5,273.85,142614,293800
2018-04-23,273.65,273.65,272.0,272.55,185234,274708
2018-04-24,271.5,272.2,271.05,271.85,154496,254386
2018-04-25,271.65,272.65,271.5,271.6,134470,239004
2018-04-26,271.3,272.05,271.2,271.9,112116,216630
2018-04-27,271.6,271.75,270.65,271.15,167128,188628
2018-05-02,269.35,270.55,268.6,270.4,80522,164692
2018-05-03,273.8,274.9,273.35,274.15,98418,234414
2018-05-04,275.05,275.15,274.05,274.3,89614,265590
2018-05-07,275.0,275.75,274.35,275.15,94876,276690
2018-05-08,275.25,275.45,274.75,274.95,89848,286166
2018-05-09,274.9,275.1,274.5,274.6,145340,293528
2018-05-10,275.1,275.55,274.65,274.8,112892,293762
2018-05-11,275.7,275.75,274.75,275.2,98314,295562
2018-05-14,275.7,275.7,275.0,275.15,68000,298542
2018-05-15,275.0,275.2,273.6,273.8,84694,305570
2018-05-16,272.0,272.05,270.55,271.25,143926,312868
2018-05-17,270.1,270.8,269.75,269.85,112742,319894
2018-05-18,270.0,270.45,269.9,270.3,87276,321724
2018-05-21,270.05,271.15,269.45,269.5,131962,326826
2018-05-22,270.15,270.8,270.0,270.25,101034,325632
2018-05-23,270.8,270.85,270.2,270.5,105426,331526
2018-05-24,271.15,272.3,270.65,272.25,150568,335882
2018-05-25,272.6,273.85,272.25,273.55,137342,332452
2018-05-28,274.1,274.3,272.15,272.35,126806,330022
2018-05-29,273.0,273.65,272.65,273.25,82968,334188
2018-05-30,273.5,274.95,272.8,274.15,183800,339926
2018-05-31,274.4,274.55,273.8,274.5,93610,336208
2018-06-01,274.1,275.0,273.3,273.85,122792,336106
2018-06-04,272.65,273.65,272.3,272.4,103898,338088
2018-06-05,273.0,273.0,271.65,271.9,84728,343162
2018-06-06,272.0,273.35,271.7,272.4,109980,345328
2018-06-07,272.4,272.85,271.8,272.15,79982,344840
2018-06-08,272.7,272.75,271.8,272.1,106106,348568
2018-06-11,272.65,273.35,272.35,272.7,111914,356314
2018-06-12,272.8,273.45,272.2,272.4,104024,357462
2018-06-13,272.0,272.9,271.95,272.1,79628,360928
2018-06-14,272.2,273.35,271.95,273.35,126162,364768
2018-06-15,274.3,274.4,273.3,273.65,133752,363320
2018-06-19,271.0,271.5,270.75,271.4,87632,367284
2018-06-20,270.7,271.4,270.15,270.2,108996,366686
2018-06-21,270.55,270.85,269.1,269.45,119712,375180
2018-06-22,269.6,270.65,269.4,270.55,90424,370930
2018-06-25,270.4,271.7,270.15,271.15,130972,365634
2018-06-26,271.4,272.0,271.2,271.25,98760,365216
2018-06-27,270.95,271.75,270.85,271.6,111946,362252
2018-06-28,271.5,271.9,270.9,270.9,90456,361900
2018-06-29,271.5,271.75,270.75,271.4,97584,363826
2018-07-02,271.4,272.45,271.0,272.1,94590,361072
2018-07-03,272.95,273.0,271.3,271.9,123536,352038
2018-07-04,272.2,273.7,272.1,272.65,145476,351972
2018-07-05,272.5,273.3,272.3,272.75,89982,343862
2018-07-06,272.7,273.55,272.4,273.25,108998,346630
2018-07-09,273.0,273.4,272.7,273.1,88894,344640
2018-07-10,273.2,273.3,271.55,272.0,95614,344388
2018-07-11,272.15,273.05,271.85,272.85,101934,344000
2018-07-12,273.1,273.3,271.75,271.9,94882,341722
2018-07-13,271.8,272.35,271.6,271.7,68156,339684
2018-07-16,272.1,272.45,271.7,272.05,69242,337846
2018-07-17,271.55,271.75,270.75,271.55,99132,338666
2018-07-18,271.25,271.4,268.6,269.05,181010,351572
2018-07-19,269.5,270.35,269.2,270.3,105332,351492
2018-07-20,269.3,271.1,269.2,270.65,132416,346960
2018-07-23,271.5,272.3,271.45,271.9,107080,342204
2018-07-24,272.1,272.2,271.5,271.7,104896,336680
2018-07-25,272.05,272.2,271.5,271.7,75446,333878
2018-07-26,271.75,272.1,271.3,272.1,94872,336058
2018-07-27,271.65,272.1,271.3,271.5,88686,330526
2018-07-30,271.85,272.05,271.4,271.55,77966,329178
2018-07-31,271.7,271.9,271.3,271.65,67996,328600
2018-08-01,271.35,271.55,270.15,271.45,122992,323160
2018-08-02,270.85,271.55,270.5,270.75,93806,321780
2018-08-03,271.3,271.4,269.9,270.2,86800,327244
2018-08-06,270.25,271.2,270.0,270.25,109278,326716
2018-08-07,269.6,270.55,269.55,270.1,74168,326570
2018-08-08,269.7,269.85,268.3,269.5,112194,327808
2018-08-09,269.0,269.65,268.6,269.55,87262,325766
2018-08-10,269.35,269.75,269.1,269.4,81740,324408
2018-08-13,270.15,270.7,269.95,270.1,113674,321382
2018-08-14,269.05,269.15,267.5,267.65,148122,328546
2018-08-15,268.0,268.4,267.0,267.4,97428,330308
2018-08-16,267.25,267.45,262.7,264.0,237028,331350
2018-08-17,264.0,264.65,263.25,263.4,130468,328950
2018-08-20,263.55,265.15,263.4,265.15,91574,328496
2018-08-21,265.1,266.45,264.8,266.35,94642,327710
2018-08-22,265.9,266.55,265.0,266.25,103968,329224
2018-08-23,267.0,267.2,266.15,266.2,89684,328654
2018-08-24,266.7,266.8,265.55,266.3,82384,326320
2018-08-27,265.9,267.65,265.8,267.45,125174,327476
2018-08-28,267.5,268.35,267.25,268.3,79354,327890
2018-08-29,268.05,268.15,266.05,267.05,93472,322534
2018-08-30,267.5,267.85,267.05,267.45,77472,324556
2018-08-31,268.05,268.1,266.6,267.8,111716,324340
2018-09-03,267.8,267.8,266.55,266.6,89258,322964
2018-09-04,266.65,266.9,265.5,265.6,66944,324102
2018-09-05,265.8,265.85,265.05,265.6,88146,323638
2018-09-06,266.05,266.75,265.65,266.4,83454,326196
2018-09-07,267.25,267.6,266.5,267.2,113874,325930
2018-09-10,266.5,267.0,266.0,266.25,100898,325640
2018-09-11,266.55,267.1,266.5,267.0,67076,326742
2018-09-12,266.05,267.55,265.75,266.8,99166,328944
2018-09-13,266.85,268.2,266.7,268.1,116310,327278
2018-09-14,268.35,269.05,267.1,268.65,142808,324634
2018-09-17,268.15,268.15,267.1,267.35,105902,322062
2018-09-18,267.8,268.5,267.6,267.65,91380,322214
2018-09-19,268.25,268.45,267.2,267.95,77474,317102
2018-09-20,268.5,268.6,267.75,268.2,87642,315952
2018-09-21,268.45,269.35,267.95,269.05,95930,315608
2018-09-25,267.9,268.0,267.35,267.95,56136,310406
2018-09-26,268.2,268.7,268.0,268.35,70508,307950
2018-09-27,267.65,268.5,267.15,267.4,107108,295658
2018-09-28,266.2,266.2,264.85,264.9,132906,299278
2018-10-08,269.7,269.95,268.0,268.65,77522,295844
2018-10-09,267.4,268.25,267.2,267.9,106262,295220
2018-10-10,267.55,268.2,267.2,267.9,99802,296092
2018-10-11,267.7,269.45,267.5,269.45,152014,304486
2018-10-12,271.3,273.8,270.5,272.85,292244,303616
2018-10-15,273.45,275.35,273.15,275.35,171490,305708
2018-10-16,276.0,276.15,274.75,275.25,154004,299494
2018-10-17,275.65,276.0,274.15,274.5,123992,286064
2018-10-18,275.2,275.8,274.35,274.75,135758,281456
2018-10-19,275.4,277.2,275.1,276.05,185180,282884
2018-10-22,276.2,276.35,275.6,275.85,110412,272184
2018-10-23,275.65,277.0,275.0,276.95,139484,270766
2018-10-24,278.55,279.3,277.05,277.15,199308,260684
2018-10-25,276.8,279.25,276.75,278.5,175852,261378
2018-10-26,278.0,278.6,277.1,278.3,148646,255512
2018-10-29,278.4,280.45,277.85,277.85,256378,243482
2018-10-30,277.85,278.2,276.4,277.25,153456,231564
2018-10-31,276.15,277.1,274.85,274.9,192764,204490
2018-11-01,274.8,275.4,273.75,275.3,135758,183808
2018-11-02,276.0,276.3,275.25,275.4,156600,170376
2018-11-05,274.95,275.95,274.55,275.6,96254,161984
2018-11-06,275.35,276.45,275.3,275.85,85740,154210
2018-11-07,276.5,276.7,274.9,275.9,104606,145810
2018-11-08,280.5,280.55,279.2,279.4,58390,153170
2018-11-09,279.4,279.75,278.6,278.7,65422,158670
2018-11-12,278.8,278.8,276.4,276.55,119420,165534
2018-11-13,276.5,276.6,275.35,275.45,96610,174342
2018-11-14,275.1,275.85,274.95,275.5,115628,175884
2018-11-15,275.15,277.1,274.55,277.05,108868,176682
2018-11-16,276.65,277.55,276.05,277.5,124384,180530
2018-11-19,277.75,279.0,277.7,278.25,148594,179998
2018-11-20,278.5,279.4,278.45,279.3,102492,181606
2018-11-21,279.9,280.35,278.75,279.0,124620,183092
2018-11-22,279.2,280.15,278.7,279.65,103356,189156
2018-11-23,279.9,280.1,279.5,279.65,64856,189188
2018-11-26,279.25,279.8,278.8,279.5,103560,189378
2018-11-27,279.55,279.75,278.75,278.9,87732,190296
2018-11-28,279.35,279.65,277.25,277.55,146380,190172
2018-11-29,277.45,279.7,277.1,279.55,153582,191218
2018-11-30,279.9,280.2,279.2,279.45,107410,195186
2018-12-03,279.0,279.45,278.2,278.35,156940,199242
2018-12-04,278.6,279.45,278.3,278.35,150018,201314
2018-12-05,278.55,279.3,278.1,278.9,107694,203354
2018-12-06,279.0,280.55,278.75,279.9,147522,221702
2018-12-07,279.95,281.4,279.85,280.25,173004,223782
2018-12-10,280.8,283.15,280.4,283.1,235966,256096
2018-12-11,282.65,283.1,282.2,282.65,124962,252018
2018-12-12,282.3,282.45,281.1,281.2,122580,243264
2018-12-13,281.4,281.85,280.55,280.8,94850,240564
2018-12-14,280.5,281.05,280.1,280.35,96230,234402
2018-12-17,280.25,280.85,279.7,280.2,99312,235298
2018-12-18,280.6,282.4,280.55,281.9,100036,239150
2018-12-19,281.95,282.8,281.85,282.55,98696,245630
2018-12-20,282.3,284.35,281.65,282.15,216128,253774
2018-12-21,283.4,285.75,283.1,284.8,204216,263324
2018-12-24,285.05,286.0,284.1,285.45,148724,261206
2018-12-25,285.6,287.7,285.3,287.1,136042,264890
2018-12-26,287.05,287.6,285.9,287.5,90834,263458
2018-12-27,287.0,287.95,285.8,286.3,192058,253368
2018-12-28,286.95,287.9,286.3,287.85,171054,251488
2019-01-02,287.55,288.7,287.15,288.3,91402,254696
2019-01-03,288.45,290.75,287.9,290.7,198374,264896
2019-01-04,289.95,291.6,289.35,290.55,217562,265072
2019-01-07,290.0,290.15,286.9,288.65,280434,259102
2019-01-08,289.0,289.7,286.9,287.25,193804,262000
2019-01-09,286.95,287.65,285.85,286.2,184668,264048
2019-01-10,285.7,287.85,285.6,286.9,223516,275262
2019-01-11,286.35,286.45,284.55,284.95,204814,279370
2019-01-14,284.95,285.45,283.8,285.05,171396,284726
2019-01-15,285.65,285.95,284.15,284.3,168666,286962
2019-01-16,284.75,285.5,284.25,284.6,159836,297494
2019-01-17,284.3,285.25,284.2,285.1,120016,304476
2019-01-18,285.55,285.65,284.7,285.05,147008,309930
2019-01-21,284.15,284.2,282.7,283.2,193586,308690
2019-01-22,282.55,283.45,282.3,283.25,124106,306182
2019-01-23,283.9,284.65,283.3,283.6,138716,306032
2019-01-24,283.9,284.1,282.9,283.3,137742,303132
2019-01-25,283.0,283.85,282.65,282.9,142372,304550
2019-01-28,283.05,285.95,282.75,285.6,223994,312142
2019-01-29,285.45,286.75,285.0,286.6,164764,305716
2019-01-30,287.25,287.95,286.7,287.55,207730,310816
2019-01-31,287.0,288.0,286.35,287.85,153858,297038
2019-02-01,288.4,289.3,287.8,289.2,150578,292324
2019-02-11,288.6,289.2,288.15,288.75,87420,296758
2019-02-12,288.15,289.15,287.85,288.85,130022,300710
2019-02-13,289.0,289.3,287.9,288.25,121432,302158
2019-02-14,287.85,289.75,287.5,287.6,171608,304386
2019-02-15,287.05,289.7,287.05,289.6,188342,315622
2019-02-18,289.8,291.2,289.2,290.95,182550,328372
2019-02-19,291.5,292.1,291.1,291.35,106198,329976
2019-02-20,292.6,294.25,292.5,293.35,187480,335852
2019-02-21,293.5,293.95,291.4,291.5,163306,333688
2019-02-22,291.25,291.9,289.35,289.6,160092,325464
2019-02-25,289.05,290.75,288.65,289.3,179152,320880
2019-02-26,289.1,289.55,287.95,289.0,152828,319390
2019-02-27,288.2,289.2,288.1,288.65,119290,315712
2019-02-28,288.15,288.85,285.9,286.85,173762,310530
2019-03-01,287.7,288.0,285.55,285.85,179312,308794
2019-03-04,285.0,286.15,281.45,281.8,275324,308826
2019-03-05,280.45,281.6,280.1,280.8,161400,310166
2019-03-06,280.75,282.35,280.0,282.35,177812,313180
2019-03-07,281.5,282.0,280.75,280.9,145488,312876
2019-03-08,281.6,283.75,280.75,283.55,203048,324006
2019-03-11,283.7,285.5,283.35,284.75,207238,325180
2019-03-12,284.35,284.65,283.2,284.2,158734,321462
2019-03-13,284.45,285.75,283.75,285.65,131632,324048
2019-03-14,285.9,286.4,285.0,285.1,146008,322946
2019-03-15,284.35,285.3,282.95,284.9,207268,318490
2019-03-18,284.95,285.55,283.95,285.2,138202,318934
2019-03-19,285.75,286.3,285.0,285.95,135022,319634
2019-03-20,286.25,286.8,285.3,285.55,121822,319172
2019-03-21,285.6,287.55,283.9,287.4,225440,319406
2019-03-22,287.5,287.6,285.3,286.35,177166,320804
2019-03-25,286.85,288.1,286.4,288.05,175704,324094
2019-03-26,288.6,289.5,288.1,288.3,166586,327326
2019-03-27,288.1,288.7,287.6,288.25,157278,326820
2019-03-28,288.25,288.55,286.95,287.45,203166,318474
2019-03-29,285.8,285.8,281.85,282.0,345786,293466
2019-04-01,283.6,284.0,281.9,282.1,208964,294862
2019-04-02,283.75,283.75,282.1,282.15,155618,299452
2019-04-03,282.7,283.35,282.5,282.9,143928,296286
2019-04-04,282.85,283.15,282.0,282.95,145032,288068
2019-04-08,283.0,284.3,283.0,284.15,80336,286980
2019-04-09,285.2,285.35,283.7,284.4,134752,286894
2019-04-10,285.4,285.85,284.9,285.8,149918,281210
2019-04-11,285.5,286.9,285.35,286.15,160374,288986
2019-04-12,284.0,284.7,282.9,283.3,198178,276936
2019-04-15,282.55,283.45,281.6,281.75,160802,277430
2019-04-16,281.25,282.2,280.9,281.5,123516,277222
2019-04-17,280.45,280.55,279.65,280.0,191974,278806
2019-04-18,279.5,279.65,277.8,278.2,144252,277184
2019-04-19,278.85,279.85,278.7,279.5,108638,267830
2019-04-23,280.3,280.55,278.9,279.0,114824,255178
2019-04-24,278.3,279.6,277.9,278.85,146590,243696
2019-04-25,279.45,280.9,278.75,280.4,153468,236054
2019-04-26,281.05,281.95,280.6,281.45,171400,216692
2019-04-29,281.7,282.35,281.3,281.3,144702,191132
2019-04-30,281.15,281.9,280.35,281.6,118084,170462
2019-05-06,284.6,284.75,282.4,282.7,94280,148564
2019-05-07,281.65,283.0,281.35,282.4,104218,128894
2019-05-08,282.25,284.0,282.1,283.95,108570,111540
2019-05-09,284.4,284.75,282.95,284.1,116104,94782
2019-05-10,284.6,285.95,284.15,284.45,120938,78934
2019-05-13,288.9,289.6,288.15,289.2,152,305696
2019-05-14,290.9,293.9,290.9,292.75,226,326770
2019-05-15,293.1,293.3,291.0,291.25,172,334372
2019-05-16,293.15,293.25,291.6,292.35,156062,338104
2019-05-17,291.0,291.85,290.15,291.7,164084,335548
2019-05-20,291.1,291.35,289.15,289.4,157110,335976
2019-05-21,289.85,290.25,288.65,289.15,129642,337886
2019-05-22,288.45,289.1,287.7,288.9,121064,347260
2019-05-23,289.2,289.75,288.9,289.35,107242,355696
2019-05-24,290.9,291.8,290.55,291.1,182408,360482
2019-05-27,291.05,291.45,290.2,291.25,108838,358108
2019-05-28,291.1,291.25,290.55,291.0,65916,358546
2019-05-29,290.2,291.5,289.55,291.45,144184,366816
2019-05-30,291.15,291.55,289.65,290.1,146190,370280
2019-05-31,290.7,293.55,290.5,293.45,210680,389780
2019-06-03,294.2,297.1,293.8,296.7,244464,402048
2019-06-04,297.7,300.1,296.95,299.75,238932,414088
2019-06-05,299.1,301.9,298.75,301.7,255926,428600
2019-06-06,302.85,303.7,300.25,301.7,314902,426302
2019-06-10,302.55,302.6,300.4,300.85,136076,426286
2019-06-11,301.05,301.4,299.3,299.55,194824,423948
2019-06-12,299.15,303.4,298.65,302.6,294244,439468
2019-06-13,302.1,303.25,301.3,303.2,215912,439714
2019-06-14,302.5,307.8,302.35,307.75,303908,459468
2019-06-17,306.3,307.55,303.45,304.1,384246,451926
2019-06-18,304.55,306.65,304.15,306.15,231638,454532
2019-06-19,307.3,307.85,302.8,304.3,461924,438130
2019-06-20,303.95,313.85,303.55,311.25,462906,446232
2019-06-21,310.95,316.5,310.05,313.6,555740,456516
2019-06-24,314.45,317.3,312.3,315.8,472448,455814
2019-06-25,316.35,323.05,315.7,321.8,618906,469328
2019-06-26,320.95,323.25,316.05,316.4,735628,464460
2019-06-27,317.0,318.3,315.35,315.6,527472,462088
2019-06-28,315.15,320.8,314.1,316.85,570526,469296
2019-07-01,317.2,317.4,308.55,308.85,553248,459596
2019-07-02,310.8,312.75,309.7,312.05,406836,461428
2019-07-03,312.35,323.5,311.75,321.1,833052,466190
2019-07-04,319.2,319.85,317.0,317.65,529756,454908
2019-07-05,317.6,319.35,317.25,318.0,253758,452788
2019-07-08,315.0,316.65,305.5,316.35,657334,441922
2019-07-09,315.95,315.95,313.1,313.45,373548,431872
2019-07-10,314.15,315.55,312.85,313.2,304398,425536
2019-07-11,317.3,320.85,315.5,319.0,523114,441216
2019-07-12,317.8,318.15,315.55,316.65,323508,441220
2019-07-15,316.35,318.55,316.0,317.75,287420,448860
2019-07-16,317.2,318.3,316.4,317.75,254618,449866
2019-07-17,317.15,317.8,315.15,315.8,388820,432014
2019-07-18,316.1,321.15,316.0,319.1,571732,453470
2019-07-19,318.8,324.75,318.35,323.3,510780,467158
2019-07-22,322.6,324.6,319.5,320.65,602472,467246
2019-07-23,320.65,321.45,317.8,318.7,336826,454470
2019-07-24,320.5,321.7,319.05,319.65,352292,452890
2019-07-25,320.2,321.15,319.2,320.3,281702,453178
2019-07-26,320.05,320.3,317.05,319.1,399032,449482
2019-07-29,319.2,320.6,318.75,319.6,331518,449182
2019-07-30,319.75,321.1,318.75,320.85,230910,459236
2019-07-31,321.05,322.5,320.55,322.25,265788,467768
2019-08-01,322.0,322.25,316.25,316.6,533458,434012
2019-08-02,316.95,326.6,315.6,324.25,682648,448220
2019-08-05,324.45,334.0,323.4,334.0,798694,506224
2019-08-06,336.9,339.95,334.35,335.55,816194,472302
2019-08-07,336.0,343.3,335.55,341.8,791646,529980
2019-08-08,344.6,349.5,342.7,344.35,1077880,520458
2019-08-09,343.4,347.75,342.65,345.9,589716,527784
2019-08-12,345.6,347.95,343.95,344.25,585598,529336
2019-08-13,346.65,352.9,346.1,352.3,706168,577742
2019-08-14,351.55,352.0,340.05,342.95,1244366,515656
2019-08-15,347.0,350.3,345.45,347.4,1055546,526904
2019-08-16,346.9,350.9,346.7,347.75,779522,518900
2019-08-19,346.6,348.1,344.85,346.4,722720,521644
2019-08-20,344.5,345.85,344.05,344.75,387210,520844
2019-08-21,346.3,347.25,345.2,345.35,395370,518140
2019-08-22,346.1,347.0,345.55,346.45,304902,522958
2019-08-23,345.6,347.45,345.4,346.25,344700,531402
2019-08-26,347.5,360.2,347.5,358.25,1147984,539744
2019-08-27,355.7,359.25,355.4,358.7,631176,570862
2019-08-28,357.7,362.15,357.4,358.85,915220,538322
2019-08-29,360.0,363.4,358.35,362.8,673124,609586
2019-08-30,359.75,361.35,354.5,356.7,832864,584212
2019-09-02,357.0,357.7,353.75,355.8,700888,539112
2019-09-03,355.8,359.05,355.75,357.45,392124,541180
2019-09-04,358.65,363.85,358.25,359.0,1084804,566860
2019-09-05,359.45,362.9,359.05,360.9,736108,580826
2019-09-06,358.1,359.15,348.55,349.2,1155934,533758
2019-09-09,351.1,354.85,347.0,350.6,1061678,537166
2019-09-10,351.4,351.9,343.45,344.85,776900,520694
2019-09-11,345.5,347.85,344.3,345.95,632320,514720
2019-09-12,345.85,346.65,344.0,346.15,471986,498864
2019-09-16,346.2,347.65,345.4,346.25,226262,501570
2019-09-17,345.9,346.8,344.05,344.95,387278,501394
2019-09-18,346.95,347.8,345.65,346.5,392910,502388
2019-09-19,346.9,348.6,343.3,346.0,506858,509122
2019-09-20,347.15,347.5,345.7,346.7,282234,508214
2019-09-23,346.5,352.1,345.85,350.3,462948,509192
2019-09-24,351.65,353.45,351.25,352.05,402674,512140
2019-09-25,352.05,355.4,350.35,353.85,583176,513966
2019-09-26,353.6,354.45,347.5,349.55,584586,497734
2019-09-27,349.0,350.4,345.6,346.35,423570,479086
2019-09-30,345.75,348.3,342.85,345.05,493700,463288
2019-10-08,343.9,345.8,343.8,344.5,130064,465598
2019-10-09,348.1,349.9,347.35,349.5,396842,475860
2019-10-10,348.45,350.0,346.6,347.7,374118,470308
2019-10-11,347.3,347.7,343.45,345.85,400130,475936
2019-10-14,341.85,342.85,338.55,340.7,613868,469720
2019-10-15,341.75,343.1,341.0,341.65,279672,471926
2019-10-16,342.1,342.5,338.9,340.2,376596,473484
2019-10-17,342.45,343.15,340.85,342.7,300068,477778
2019-10-18,341.6,343.1,341.35,342.0,297062,467908
2019-10-21,341.85,342.4,340.7,341.75,277642,459112
2019-10-22,341.7,342.55,339.4,340.45,291530,454612
2019-10-23,340.75,342.0,339.75,341.95,234268,444474
2019-10-24,341.75,342.35,341.1,341.5,206760,436136
2019-10-25,341.65,345.0,341.45,344.65,417910,441630
2019-10-28,346.65,347.75,342.9,344.6,403356,430334
2019-10-29,342.9,343.45,340.65,340.9,347034,398052
2019-10-30,340.85,341.5,339.2,340.55,342796,361044
2019-10-31,340.95,341.85,340.05,341.1,317778,311040
2019-11-01,343.4,344.85,343.0,344.05,330950,264376
2019-11-04,343.35,345.3,343.1,343.7,265216,229250
2019-11-05,344.25,344.45,341.0,341.4,204130,214128
2019-11-06,339.75,339.9,335.3,336.55,389228,186948
2019-11-07,336.5,338.9,336.05,338.35,213364,171208
2019-11-08,335.0,335.95,328.85,332.1,387596,154008
2019-11-11,329.65,332.45,329.2,331.5,259932,145636
2019-11-12,331.65,331.75,327.6,328.3,236804,133752
2019-11-13,329.25,332.15,327.8,331.85,220224,125850
2019-11-14,332.4,333.05,331.35,332.7,185748,111776
2019-11-15,333.65,334.7,331.55,331.9,166476,98492
2019-11-18,331.8,332.75,331.65,332.05,103654,88588
2019-11-19,330.6,334.65,330.5,334.05,151282,74274
2019-11-20,334.85,336.85,333.9,336.5,206724,139028
2019-11-21,336.2,337.35,334.6,336.0,216710,142166
2019-11-22,335.5,335.85,333.65,334.95,219186,143984
2019-11-25,335.7,336.05,332.45,332.65,224144,144756
2019-11-26,332.55,333.2,330.65,332.35,206198,143494
2019-11-27,332.35,333.7,331.15,333.15,226340,140686
2019-11-28,332.8,332.85,331.45,332.05,184922,135268
2019-11-29,332.35,333.5,332.2,333.1,80236,137122
2019-12-02,332.5,335.55,331.85,333.5,180376,136450
2019-12-03,333.2,335.0,333.2,334.2,268800,138620
2019-12-04,337.15,340.75,336.85,340.4,401684,153300
2019-12-05,338.9,339.9,337.25,338.75,273464,143118
2019-12-06,337.85,339.0,336.15,336.4,241042,129568
2019-12-09,336.85,337.75,332.95,333.6,294828,118028
2019-12-10,334.36,334.54,333.38,333.9,102434,116912
2019-12-11,335.0,335.06,333.66,334.12,144942,111898
2019-12-12,334.86,336.46,334.44,336.02,131188,105530
2019-12-13,336.72,339.32,330.44,331.76,352310,103492
2019-12-16,333.14,336.18,330.92,335.32,305166,96184
2019-12-17,335.46,335.94,334.3,335.14,110102,93540
2019-12-18,335.5,335.76,334.48,335.6,99762,94646
2019-12-19,335.22,335.78,333.9,335.18,131902,92652
2019-12-20,334.84,336.26,334.8,336.08,106442,92534
2019-12-23,335.88,337.88,334.9,337.18,139204,95676
2019-12-24,336.82,339.08,336.58,338.68,112772,95740
2019-12-25,338.52,341.28,338.52,340.62,109160,93240
2019-12-26,340.48,341.48,339.52,340.92,69598,88816
2019-12-27,345.04,346.74,344.54,345.3,198500,225266
2019-12-30,345.92,346.56,345.12,345.46,128800,228544
2019-12-31,345.4,347.94,344.7,347.48,197576,255444
2020-01-02,346.0,346.58,345.44,346.24,41087,129725
2020-01-03,346.82,351.96,346.58,351.16,144392,140774
2020-01-06,352.3,359.82,350.72,358.34,185964,142492
2020-01-07,358.58,358.92,353.22,354.94,200630,145032
2020-01-08,354.6,364.44,354.52,360.68,253483,157344
2020-01-09,356.66,357.32,346.82,348.04,291906,157456
2020-01-10,350.7,350.86,348.56,349.3,144194,161353
2020-01-13,349.48,351.48,348.4,349.42,173686,164665
2020-01-14,348.9,349.16,342.9,344.7,144966,171034
2020-01-15,345.7,348.68,345.16,347.54,123625,176471
2020-01-16,347.68,349.28,346.82,347.96,127605,176618
2020-01-17,348.5,348.5,346.32,347.78,108652,176869
2020-01-20,347.98,348.54,346.94,347.94,96285,180264
2020-01-21,348.52,351.82,347.92,351.34,86646,186852
2020-01-22,349.48,349.8,346.66,348.32,132216,182735
2020-01-23,348.88,351.24,348.66,350.72,81197,185593
2020-02-03,359.18,360.5,357.2,359.3,78891,185923
2020-02-04,359.18,359.44,356.06,356.2,74093,188931
2020-02-05,352.36,354.96,352.14,354.22,61136,188841
2020-02-06,352.3,352.78,350.52,352.4,61641,188677
2020-02-07,355.28,355.62,353.72,354.3,48697,188266
2020-02-10,357.36,357.62,355.36,355.56,50977,187697
2020-02-11,355.76,355.88,354.42,354.6,42388,187871
2020-02-12,354.64,354.64,353.08,354.0,43088,185980
2020-02-13,355.6,356.96,355.0,356.52,54165,188138
2020-02-14,357.22,357.5,356.1,356.78,47751,190061
2020-02-17,358.04,358.76,357.66,357.9,50160,192337
2020-02-18,359.46,359.96,359.0,359.68,54774,197001
2020-02-19,363.06,364.58,363.0,364.06,77534,200460
2020-02-20,365.16,366.92,364.28,365.06,85991,201066
2020-02-21,368.96,372.3,368.78,371.9,103882,207305
2020-02-24,379.12,380.78,377.76,379.7,129984,206012
2020-02-25,374.64,377.16,370.3,371.74,173863,195593
2020-02-26,373.18,374.78,371.96,374.26,116955,196977
2020-02-27,373.88,375.68,373.62,374.3,101033,195757
2020-02-28,373.34,373.96,355.96,369.98,183765,192303
2020-03-02,360.0,362.88,358.48,361.24,175575,185701
2020-03-03,358.72,361.0,358.5,360.26,91148,188288
2020-03-04,369.5,371.0,367.78,368.54,118360,185782
2020-03-05,366.92,368.8,366.88,368.62,55414,186879
2020-03-06,375.38,377.96,374.66,376.08,134667,189357
2020-03-09,381.1,381.12,370.64,373.42,237196,187556
2020-03-10,371.66,373.26,366.74,368.64,150891,188592
2020-03-11,368.98,371.56,368.9,371.22,99485,186852
2020-03-12,368.0,369.96,365.6,367.26,156119,185959
2020-03-13,355.0,357.96,349.1,356.4,238963,180870
2020-03-16,348.5,349.3,342.92,347.18,193447,180029
2020-03-17,341.0,341.0,330.12,330.88,240329,177085
2020-03-18,342.0,344.78,336.6,339.08,193627,174965
2020-03-19,335.58,337.42,330.74,336.62,179984,172272
2020-03-20,335.82,341.62,335.56,339.78,165573,171370
2020-03-23,340.0,341.0,336.96,339.62,121073,171605
2020-03-24,359.5,359.5,354.7,358.46,161343,173582
2020-03-25,376.0,376.2,363.0,364.4,157599,171798
2020-03-26,363.0,364.94,361.88,363.34,96202,172741
2020-03-27,365.08,368.48,364.8,367.58,97213,173934
2020-03-30,367.88,368.0,363.12,364.7,106739,172851
2020-03-31,363.9,365.28,363.4,364.9,58917,167955
2020-04-01,357.0,359.76,355.8,358.62,79674,166727
2020-04-02,358.64,360.96,357.86,360.7,66157,166956
2020-04-03,364.0,365.18,362.7,363.48,57865,164213
2020-04-07,376.98,378.0,373.26,373.88,99615,167278
2020-04-08,367.9,371.54,367.0,370.2,61625,166048
2020-04-09,370.5,371.66,370.0,371.46,42627,168552
2020-04-10,376.44,376.48,372.88,373.74,44336,168261
2020-04-13,374.94,375.22,371.8,373.26,75011,167514
2020-04-14,375.28,380.0,374.38,377.6,122938,174120
2020-04-15,377.16,379.34,376.06,376.32,85028,170494
2020-04-16,376.52,380.42,374.16,379.38,88382,173337
2020-04-17,376.52,377.7,369.08,372.18,136448,165229
2020-04-20,367.2,371.6,366.2,370.8,93426,161395
2020-04-21,372.5,374.66,372.12,374.42,76518,158271
2020-04-22,373.0,374.96,371.82,373.18,82597,154546
2020-04-23,378.52,381.46,377.72,379.8,103203,151296
2020-04-24,379.96,383.24,379.3,382.78,88675,148130
2020-04-27,381.0,382.3,379.7,380.14,83253,130958
2020-04-28,379.0,379.06,375.06,377.1,86653,121441
2020-04-29,377.38,379.58,377.38,378.74,59792,114033
2020-04-30,379.8,380.82,377.84,380.28,61419,105651
2020-05-06,377.54,380.8,377.52,380.08,61232,96296
2020-05-07,379.16,379.44,377.52,378.18,122800,83275
2020-05-08,379.48,384.32,378.96,383.38,140961,74557
2020-05-11,381.8,383.28,380.06,381.74,128624,61577
2020-05-12,382.5,382.5,379.56,380.88,85711,54888
2020-05-13,380.66,382.8,380.34,381.86,78816,50249
2020-05-14,382.82,385.2,381.6,384.46,109731,44299
2020-05-15,384.94,390.9,383.9,390.16,120787,37011
2020-05-18,394.22,402.3,391.88,401.16,202819,176492
2020-05-19,398.0,398.76,392.94,394.5,213814,176053
2020-05-20,395.1,399.8,395.1,398.72,152314,184790
2020-05-21,397.4,399.32,394.42,395.06,153227,183242
2020-05-22,395.28,395.5,390.08,394.38,203925,183929
2020-05-25,395.3,395.88,392.54,393.54,144174,188740
2020-05-26,394.0,396.76,392.82,395.34,123499,191998
2020-05-27,394.4,394.98,390.44,391.2,182530,191330
2020-05-28,389.48,395.18,387.4,394.18,214096,196283
2020-05-29,394.5,395.56,391.72,394.42,165185,199847
2020-06-01,396.32,399.06,395.52,398.0,185111,209162
2020-06-02,396.86,398.22,395.6,396.96,138863,209108
2020-06-03,397.02,398.0,392.0,393.04,197672,207622
2020-06-04,389.5,391.44,387.54,389.74,211254,205972
2020-06-05,392.86,393.3,389.5,390.18,181803,206555
2020-06-08,385.0,386.96,382.28,386.28,204656,205333
2020-06-09,385.3,387.66,384.34,386.3,140352,208235
2020-06-10,390.4,390.92,389.66,390.4,121743,210286
2020-06-11,391.2,393.88,388.26,393.7,174613,214450
2020-06-12,393.2,395.7,392.0,393.62,189929,215262
2020-06-15,394.78,395.5,391.5,392.54,171433,217195
2020-06-16,388.6,393.58,388.18,392.4,169341,216999
2020-06-17,392.52,393.46,390.54,392.86,167628,217927
2020-06-18,391.5,393.12,391.32,392.18,109230,214968
2020-06-19,391.7,393.64,390.96,392.94,117755,216399
2020-06-22,393.98,399.2,393.26,397.5,187422,224636
2020-06-23,398.6,398.66,396.0,396.96,175086,226296
2020-06-24,398.14,400.74,397.76,400.06,173695,234279
2020-06-29,400.96,402.0,399.48,400.14,63418,232622
2020-06-30,399.4,400.86,399.36,400.72,99003,236254
2020-07-01,399.94,403.54,399.72,403.1,161601,241080
2020-07-02,401.74,401.96,397.78,399.06,213881,227620
2020-07-03,397.8,401.3,397.08,400.54,142143,225974
2020-07-06,400.78,400.98,398.8,399.66,79327,223795
2020-07-07,401.0,401.28,399.7,400.32,93432,223484
2020-07-08,399.04,402.92,399.02,402.36,133731,233558
2020-07-09,404.1,406.3,403.8,404.94,156716,238744
2020-07-10,404.5,405.06,401.1,401.88,168807,228827
2020-07-13,403.9,404.24,401.5,403.74,132904,229806
2020-07-14,404.0,405.16,401.52,403.02,126903,226681
2020-07-15,403.34,404.96,402.02,403.62,131170,228244
2020-07-16,403.16,404.18,401.6,402.12,134444,224511
2020-07-17,401.7,402.52,398.16,399.76,125658,222814
2020-07-20,401.02,401.84,400.08,401.78,97008,220660
2020-07-21,402.98,405.04,402.14,404.54,117223,228159
2020-07-22,407.6,418.8,406.38,414.22,287998,231944
2020-07-23,412.94,417.0,410.02,416.52,248556,233840
2020-07-24,416.04,421.4,415.36,420.4,258059,234955
2020-07-27,422.4,435.0,422.1,430.06,331972,236648
2020-07-28,429.76,440.08,426.5,429.94,460734,223580
2020-07-29,428.78,432.8,425.76,431.38,283360,221195
2020-07-30,432.0,432.92,426.52,428.94,238891,217702
2020-07-31,427.0,433.52,424.84,432.86,287925,228802
2020-08-03,432.66,433.18,429.1,431.4,204419,226018
2020-08-04,430.62,433.36,430.08,431.96,142798,229636
2020-08-05,431.96,445.2,431.9,444.06,381406,248730
2020-08-06,444.02,448.24,441.0,447.56,305325,244033
2020-08-07,448.1,454.08,447.94,449.72,320402,245899
2020-08-10,450.9,451.4,442.5,446.38,290951,241486
2020-08-11,446.88,449.44,434.38,436.94,311559,242150
2020-08-12,427.02,427.54,417.16,417.16,277064,237687
2020-08-13,418.26,419.7,415.02,416.74,285203,236510
2020-08-14,416.94,428.96,416.62,420.3,368224,240748
2020-08-17,421.7,425.8,419.18,424.44,288643,242365
2020-08-18,425.66,434.92,425.66,433.94,348375,247333
2020-08-19,436.44,437.06,425.68,429.16,403441,246282
2020-08-20,430.66,431.1,416.08,418.28,433563,241803
2020-08-21,417.0,420.88,414.8,419.48,309753,240658
2020-08-24,416.3,417.56,412.18,415.54,326923,238222
2020-08-25,419.0,423.5,415.1,416.5,231252,235241
2020-08-26,415.76,417.36,414.6,415.66,205680,233911
2020-08-27,414.34,422.08,414.1,420.54,320475,232731
2020-08-28,420.28,426.46,414.6,420.4,430007,229601
2020-08-31,421.88,425.0,421.04,422.68,274835,231884
2020-09-01,422.92,427.82,422.42,426.98,251530,232650
2020-09-02,427.42,428.04,421.9,422.6,263522,228664
2020-09-03,423.08,423.16,414.44,415.3,317316,224712
2020-09-04,416.0,418.84,413.58,416.54,326578,218995
2020-09-07,415.0,418.5,413.44,416.36,289410,215479
2020-09-08,415.84,417.44,414.5,416.56,155836,214738
2020-09-09,413.88,419.5,411.0,416.5,337511,212770
2020-09-10,417.74,420.48,417.4,419.46,221436,215314
2020-09-11,421.76,422.9,416.58,418.34,253280,211960
2020-09-14,418.46,420.34,417.4,418.44,163104,211046
2020-09-15,419.98,420.88,418.7,419.8,171699,208614
2020-09-16,420.0,420.44,416.6,418.64,180576,209430
2020-09-17,419.0,420.1,414.16,415.62,234764,213564
2020-09-18,415.44,417.28,412.8,416.92,182221,210258
2020-09-21,416.6,419.58,415.64,417.04,164172,209385
2020-09-22,413.46,414.46,393.26,407.58,475584,211942
2020-09-23,408.4,409.58,399.58,400.9,317889,210028
2020-09-24,401.44,403.9,395.18,396.58,314778,209781
2020-09-25,397.48,401.48,396.34,401.06,243866,206242
2020-09-28,399.22,402.0,398.18,400.14,184483,203539
2020-09-29,401.46,406.06,401.32,405.9,175770,200956
2020-09-30,406.1,408.0,405.16,406.1,137965,197342
2020-10-09,404.4,407.0,404.02,405.36,71362,196479
2020-10-12,407.38,411.6,406.94,410.02,175001,198166
2020-10-13,410.86,411.24,407.84,408.54,141066,195939
2020-10-14,407.28,407.28,400.64,404.04,193310,188656
2020-10-15,405.98,406.66,401.5,403.62,146674,187346
2020-10-16,402.6,406.22,402.26,404.98,151010,186375
2020-10-19,404.22,405.66,402.02,404.9,155500,183367
2020-10-20,405.1,405.36,401.86,403.58,136216,184294
2020-10-21,403.9,406.28,402.62,404.66,151406,179446
2020-10-22,406.4,407.44,403.58,404.86,153265,175557
2020-10-23,403.88,404.36,401.3,403.58,145253,173923
2020-10-26,403.58,404.1,400.28,401.56,167714,169399
2020-10-27,402.86,405.5,402.84,405.3,151696,162159
2020-10-28,404.8,406.52,404.36,405.36,120494,158003
2020-10-29,401.04,401.3,398.26,399.78,212188,154496
2020-10-30,396.88,399.5,394.92,397.1,198494,148505
2020-11-02,399.88,401.12,397.78,400.68,151267,139201
2020-11-03,401.2,402.96,400.56,402.6,109941,133519
2020-11-04,403.6,405.88,402.98,404.28,165806,131109
2020-11-05,404.16,404.7,399.22,404.22,146502,129696
2020-11-06,406.04,410.68,405.52,408.3,188202,127093
2020-11-09,409.0,410.96,406.98,407.42,165871,120788
2020-11-10,399.6,399.8,391.5,396.54,258061,113069
2020-11-11,395.18,396.2,394.2,395.64,105185,108968
2020-11-12,394.64,395.62,392.0,394.98,133699,101791
2020-11-13,395.06,397.0,394.6,396.88,102837,95747
2020-11-16,397.5,399.76,396.22,396.64,105185,89414
2020-11-17,394.7,398.26,393.72,396.18,104315,81027
2020-11-18,396.04,397.26,392.72,393.64,87655,76287
2020-11-19,392.04,395.36,390.4,392.0,96342,70384
2020-11-20,392.0,392.7,390.26,392.18,92438,60399
2020-11-23,392.18,394.18,391.6,392.8,80667,51812
2020-11-24,392.08,392.12,382.02,383.32,139196,43621
2020-11-25,380.04,380.74,378.0,379.24,94687,33091
2020-11-26,380.54,381.08,378.16,380.22,50264,24895
2020-11-27,381.24,381.9,379.76,381.14,87027,64699
2020-11-30,380.28,380.78,368.28,371.34,197649,69429
2020-12-01,369.78,375.08,369.46,374.2,123297,67056
2020-12-02,378.2,380.36,377.46,379.64,137644,63111
2020-12-03,380.88,384.28,379.2,383.7,127570,61338
2020-12-04,384.7,385.44,380.78,384.46,121286,59118
2020-12-07,384.0,384.94,381.36,383.38,134348,60892
2020-12-08,382.22,390.18,381.8,389.18,146198,64088
2020-12-09,388.78,390.82,386.16,387.0,117553,61423
2020-12-10,386.72,388.08,382.38,383.26,128810,62306
2020-12-11,383.22,386.66,382.2,382.78,118041,60998
2020-12-14,383.26,386.14,382.06,382.82,117407,51002
2020-12-15,381.0,385.94,380.46,385.66,118340,52312
2020-12-16,386.12,389.06,385.76,388.4,103926,53332
2020-12-17,387.98,391.22,386.32,390.5,109335,55690
2020-12-18,392.94,395.48,391.44,393.58,129844,54600
2020-12-21,393.96,400.8,392.0,398.36,133771,55273
2020-12-22,394.96,395.58,392.14,392.76,135335,52384
2020-12-23,393.06,395.14,390.74,391.44,121551,49200
2020-12-24,390.5,394.32,390.26,393.04,103777,46772
2020-12-25,393.0,395.24,391.26,395.0,91966,47708
2020-12-28,395.0,399.2,387.96,395.78,96263,43411
2020-12-29,394.4,398.44,393.38,393.86,160917,41610
2020-12-30,394.16,395.28,392.14,393.7,111318,39178
2020-12-31,393.4,397.68,392.64,394.98,117553,37201
2021-01-04,398.98,400.8,398.9,400.04,57526,39504
2021-01-05,401.88,404.6,401.0,402.32,120443,39174
2021-01-06,404.0,404.96,401.66,402.88,111744,37436
2021-01-07,400.2,402.6,394.0,399.06,144477,33912
2021-01-08,398.54,399.0,395.5,396.06,95356,29720
2021-01-11,392.54,392.84,378.2,385.0,161329,28848
2021-01-12,384.36,387.74,381.72,387.42,90144,23586
2021-01-13,387.54,388.68,384.02,387.54,80959,20228
2021-01-14,387.18,388.96,383.0,385.3,62634,20030
2021-01-15,386.5,390.18,385.84,387.9,97553,110771
2021-01-18,387.98,388.78,382.08,386.82,131706,114356
2021-01-19,387.16,388.56,386.2,387.72,70338,117548
2021-01-20,386.4,389.52,385.26,388.82,93863,120653
2021-01-21,387.22,392.96,384.78,392.72,147688,123284
2021-01-22,391.36,391.94,389.52,390.9,108894,118234
2021-01-25,388.0,391.8,386.58,389.0,116924,115004
2021-01-26,391.54,392.58,388.34,390.14,118060,115303
2021-01-27,390.04,390.5,386.18,387.94,111222,118337
2021-01-28,386.8,389.6,385.4,386.3,130181,118555
2021-01-29,386.56,390.82,384.2,388.34,172434,118114
2021-02-01,390.38,393.42,386.74,392.64,246138,114301
2021-02-02,393.0,394.18,388.82,389.5,174280,111539
2021-02-03,387.36,387.36,383.46,385.1,180738,113267
2021-02-04,384.76,385.76,379.68,382.26,153568,122865
2021-02-05,381.3,381.5,375.04,377.86,183350,123703
2021-02-08,378.8,381.56,376.46,381.0,155550,119965
2021-02-09,382.56,385.84,381.5,385.6,117629,110073
2021-02-10,385.16,386.44,383.12,385.66,99733,105125
2021-02-18,374.98,374.98,372.44,374.18,70603,115294
2021-02-19,374.5,376.46,370.64,372.46,162778,124132
2021-02-22,372.7,377.82,372.1,376.66,176649,125451
2021-02-23,377.1,381.88,377.1,380.66,147001,128558
2021-02-24,380.66,380.92,377.08,379.6,132126,126672
2021-02-25,378.62,379.12,373.8,375.94,184423,129150
2021-02-26,374.06,375.18,368.5,369.5,234128,137827
2021-03-01,369.02,370.84,360.2,367.94,271417,136648
2021-03-02,365.0,366.34,358.44,361.74,205450,143591
2021-03-03,364.2,365.0,361.66,363.5,141168,141477
2021-03-04,362.02,362.14,357.26,360.34,209010,144283
2021-03-05,360.76,361.84,354.58,356.6,207121,141913
2021-03-08,357.72,361.98,355.74,360.36,179040,135418
2021-03-09,358.64,359.5,355.42,359.04,150596,134384
2021-03-10,360.54,364.86,360.38,362.9,172143,132288
2021-03-11,362.28,366.96,362.16,365.88,146580,132572
2021-03-12,366.12,366.3,360.4,360.76,151813,136810
2021-03-15,360.12,366.16,358.5,363.86,158017,133153
2021-03-16,365.22,366.22,363.2,364.56,117957,131515
2021-03-17,365.0,367.56,364.62,366.2,126259,129360
2021-03-18,365.1,369.96,363.6,369.24,157390,132863
2021-03-19,365.8,368.68,363.02,367.66,169281,128668
2021-03-22,367.22,368.36,365.02,365.7,143322,122918
2021-03-23,365.8,367.5,364.9,366.8,102751,120510
2021-03-24,367.0,367.36,364.12,366.24,131233,121185
2021-03-25,366.54,368.72,365.78,367.22,105658,121302
2021-03-26,366.5,370.6,365.12,366.24,176151,122172
2021-03-29,365.88,368.4,365.36,366.44,117453,122257
2021-03-30,366.58,367.22,361.32,361.5,172559,130818
2021-03-31,357.62,358.84,355.88,357.38,152998,135675
2021-04-01,357.46,365.52,357.36,364.98,168693,128041
2021-04-02,365.8,370.0,365.64,369.98,133687,129113
2021-04-06,367.38,369.18,366.5,367.3,63847,131597
2021-04-07,368.36,370.2,367.9,369.1,115028,132516
2021-04-08,368.92,371.5,367.5,370.08,134886,136015
2021-04-09,370.88,373.96,370.88,371.96,152545,138525
2021-04-12,369.72,370.96,367.76,369.18,148270,128696
2021-04-13,369.02,369.02,365.54,365.8,137766,123476
2021-04-14,367.88,370.56,367.88,369.54,128655,118943
2021-04-15,369.38,369.6,366.3,369.54,142833,119190
2021-04-16,369.12,374.08,368.92,372.86,152801,125219
2021-04-19,376.5,377.36,374.4,375.5,140592,123785
2021-04-20,374.2,374.48,371.42,372.1,128949,118776
2021-04-21,372.16,376.06,371.58,375.98,129375,120414
2021-04-22,375.58,378.1,375.02,376.1,140171,117927
2021-04-23,374.98,376.16,373.7,375.2,132908,114736
2021-04-26,376.7,377.48,371.9,373.14,162815,110942
2021-04-27,373.1,374.48,372.02,373.48,121133,110532
2021-04-28,374.1,375.04,370.86,371.4,151022,106097
2021-04-29,371.42,375.18,370.7,372.68,138559,101949
2021-04-30,373.18,373.18,367.82,370.76,156690,94403
2021-05-06,373.5,376.66,373.08,376.28,69253,94003
2021-05-07,376.28,381.22,375.48,380.4,156474,92635
2021-05-10,383.8,384.22,380.36,381.76,161755,89242
2021-05-11,382.68,383.34,380.56,381.54,126642,83496
2021-05-12,380.0,382.6,378.36,382.44,136685,78686
2021-05-13,383.5,384.44,379.5,380.68,154721,74562
2021-05-14,379.8,383.48,379.64,382.96,135687,77192
2021-05-17,383.42,388.5,382.96,387.3,134116,76304
2021-05-18,385.82,391.64,385.6,389.96,153390,70070
2021-05-19,390.0,390.54,387.72,390.3,131065,57758
2021-05-20,390.3,393.98,388.0,390.4,186338,51809
2021-05-21,390.18,393.0,389.54,390.4,113414,45851
2021-05-24,393.52,393.88,389.16,391.66,139920,40105
2021-05-25,391.26,391.38,387.82,389.82,116372,29911
2021-05-26,389.86,394.88,388.96,393.4,111268,22919
2021-05-27,394.0,394.16,389.78,390.96,59720,16296
2021-05-28,394.42,394.42,391.1,391.38,144120,137711
2021-05-31,392.28,395.58,391.76,394.38,150667,145278
2021-06-01,394.56,397.28,393.68,396.9,110920,152911
2021-06-02,396.9,397.12,389.1,389.98,178012,153130
2021-06-03,390.96,392.42,386.74,387.5,142308,156168
2021-06-04,382.74,384.6,370.1,382.62,212575,155341
2021-06-07,385.88,386.94,384.14,385.32,120489,159073
2021-06-08,385.5,390.78,385.4,387.9,108998,158963
2021-06-09,387.46,388.8,385.96,387.7,93176,160266
2021-06-10,388.22,389.16,384.88,386.46,117279,161767
2021-06-11,387.94,391.32,387.28,389.92,107043,161262
2021-06-15,383.46,384.88,380.12,382.66,87850,166011
2021-06-16,382.08,383.4,379.72,382.24,101316,168335
2021-06-17,381.84,384.0,374.38,375.66,149885,173596
2021-06-18,370.22,372.5,369.5,371.62,167921,172151
2021-06-21,370.92,372.3,368.7,371.94,161977,172811
2021-06-22,371.28,374.66,371.12,373.44,122215,166974
2021-06-23,371.98,374.42,371.58,374.02,76440,165722
2021-06-24,373.88,376.16,371.8,371.94,117978,168221
2021-06-25,373.0,373.9,370.5,371.4,99429,168791
2021-06-28,372.44,373.62,369.62,372.16,125440,167239
2021-06-29,371.88,372.64,370.42,370.8,86764,170436
2021-06-30,367.46,369.54,366.12,367.5,128592,174865
2021-07-01,367.5,372.38,366.76,371.78,122028,169955
2021-07-02,371.8,373.2,370.12,372.64,103477,167139
2021-07-05,374.6,375.98,372.64,373.88,133466,165679
2021-07-06,374.5,377.8,372.28,377.46,91273,167119
2021-07-07,378.38,379.02,375.38,377.3,145870,163935
2021-07-08,377.3,378.44,376.06,376.62,122603,164844
2021-07-09,380.0,380.76,376.18,377.78,147647,166341
2021-07-12,378.08,379.96,376.5,377.0,108697,169146
2021-07-13,377.18,379.14,374.98,378.8,117478,167895
2021-07-14,377.28,380.06,376.82,379.5,120729,170881
2021-07-15,381.5,382.66,379.96,382.48,115976,174985
2021-07-16,381.28,383.08,380.08,381.48,103066,172415
2021-07-19,381.48,382.3,377.8,377.84,141541,169375
2021-07-20,379.52,381.38,378.12,380.68,124603,170397
2021-07-21,382.52,382.54,377.54,379.28,147174,167582
2021-07-22,376.5,377.6,375.66,376.3,130983,169102
2021-07-23,376.52,378.28,375.16,378.02,111409,167275
2021-07-26,377.26,379.54,376.0,379.04,111773,167615
2021-07-27,378.54,378.54,375.36,375.84,110121,169626
2021-07-28,378.6,380.66,377.52,379.9,142958,172518
2021-07-29,378.7,381.8,377.24,381.16,127838,172910
2021-07-30,381.9,383.12,381.22,382.5,105481,174179
2021-08-02,381.4,382.1,377.6,377.84,139682,163558
2021-08-03,377.44,380.1,377.32,377.82,98232,161628
2021-08-04,378.5,379.12,377.9,378.66,81068,161151
2021-08-05,381.26,382.36,377.0,378.04,151677,164130
2021-08-06,377.78,378.38,375.6,375.9,117978,169075
2021-08-09,371.52,371.64,362.1,365.6,216464,178597
2021-08-10,364.88,365.94,362.16,363.92,140271,182514
2021-08-11,362.82,364.18,360.8,363.52,128875,181145
2021-08-12,365.3,367.8,364.58,367.16,125076,177641
2021-08-13,366.34,368.48,365.12,368.04,101361,176218
2021-08-16,369.0,372.98,369.0,371.24,123664,171907
2021-08-17,372.02,375.46,371.84,375.02,106219,171740
2021-08-18,374.46,375.72,373.14,375.4,116885,169026
2021-08-19,374.9,375.14,372.2,374.28,132639,168500
2021-08-20,374.88,376.16,372.7,375.5,115068,167847
2021-08-23,374.52,375.34,372.34,374.88,131472,166162
2021-08-24,377.22,378.44,376.24,377.68,130830,166060
2021-08-25,378.4,378.72,375.18,375.54,117951,164348
2021-08-26,376.18,376.36,373.38,373.96,131542,162352
2021-08-27,373.42,378.5,372.1,377.78,150179,166528
2021-08-30,377.08,381.16,374.5,379.04,203739,165580
2021-08-31,378.86,379.68,377.44,378.84,101798,166345
2021-09-01,377.44,379.4,375.88,379.12,137823,167142
2021-09-02,379.64,380.82,377.36,378.92,104293,164443
2021-09-03,378.48,378.88,376.56,378.54,102387,163961
2021-09-06,379.88,382.04,378.88,380.96,143744,164582
2021-09-07,380.4,381.24,378.84,379.42,78036,161407
2021-09-08,378.04,379.26,374.22,374.96,167842,159303
2021-09-09,374.96,375.36,371.88,373.2,127951,160372
2021-09-10,373.52,375.68,372.0,375.5,132367,157040
2021-09-13,373.08,374.16,371.6,373.3,127658,157853
2021-09-14,372.86,375.0,372.46,373.82,98133,157861
2021-09-15,374.14,376.58,372.92,374.82,130531,157109
2021-09-16,374.1,374.46,370.94,371.76,133143,160777
2021-09-17,367.24,368.3,364.28,367.86,154250,160573
2021-09-22,371.08,373.18,371.08,372.52,57035,156988
2021-09-23,371.66,373.92,368.64,369.26,109003,157597
2021-09-24,368.28,368.94,365.2,366.78,137054,160962
2021-09-27,365.78,368.38,364.4,367.86,118307,158001
2021-09-28,367.2,368.14,363.94,364.22,112198,159165
2021-09-29,362.6,367.08,362.4,364.48,129797,155242
2021-09-30,364.26,364.64,361.76,362.78,140055,151679
2021-10-08,366.78,368.28,365.6,367.54,56683,147243
2021-10-11,370.88,372.2,365.98,366.16,140192,146727
2021-10-12,366.16,368.62,365.92,368.22,83906,145528
2021-10-13,367.4,369.58,367.02,368.1,102254,144475
2021-10-14,367.44,373.9,366.78,373.24,181822,143981
2021-10-15,375.0,375.6,372.3,372.58,93779,142299
2021-10-18,368.72,369.98,366.86,367.58,138360,137562
2021-10-19,367.0,368.78,366.88,368.76,94492,137915
2021-10-20,368.5,369.18,364.94,367.66,137498,135049
2021-10-21,370.06,370.2,367.6,369.54,122282,127037
2021-10-22,369.18,371.32,368.08,371.08,101225,128332
2021-10-25,372.94,374.38,368.44,370.14,182657,126939
2021-10-26,372.0,372.8,371.36,371.64,94982,123028
2021-10-27,371.0,371.18,367.0,368.92,149465,113356
2021-10-28,369.58,372.88,368.16,372.56,146203,109421
2021-10-29,371.68,373.96,370.04,370.48,140767,103484
2021-11-01,368.1,369.9,367.0,368.78,121484,94942
2021-11-02,369.78,371.68,369.28,371.26,91075,93259
2021-11-03,370.5,371.06,367.66,368.04,97502,89444
2021-11-04,367.24,367.78,364.12,366.58,118253,87386
2021-11-05,370.18,372.0,369.9,371.74,109957,88518
2021-11-08,371.06,377.7,370.7,375.9,151422,95638
2021-11-09,375.96,377.8,375.58,377.46,94669,96097
2021-11-10,377.26,378.5,376.08,377.46,101229,88276
2021-11-11,377.48,386.0,376.36,383.36,187007,83020
2021-11-12,384.12,385.3,383.12,383.6,105561,80368
2021-11-15,381.88,385.16,381.56,382.2,124417,76091
2021-11-16,383.18,385.18,382.92,384.02,98838,73402
2021-11-17,386.0,387.54,381.2,382.26,139112,66519
2021-11-18,383.8,384.92,382.76,383.54,88262,64764
2021-11-19,384.08,384.46,381.8,382.74,91448,61137
2021-11-22,383.46,384.72,378.8,379.14,117269,53275
2021-11-23,378.48,379.06,371.58,371.78,144230,46648
2021-11-24,370.02,370.28,367.88,369.76,106780,41062
2021-11-25,368.26,370.2,367.42,369.78,81274,33694
2021-11-26,370.16,373.14,369.36,372.7,95881,67499
2021-11-29,373.4,374.62,369.08,371.42,197528,71165
2021-11-30,371.2,371.26,368.32,370.24,146617,73424
2021-12-01,370.12,372.82,365.64,368.74,247908,78077
2021-12-02,368.76,369.38,366.26,367.0,156382,82515
2021-12-03,367.4,367.68,364.24,365.92,163294,85729
2021-12-06,366.18,369.08,364.9,368.68,174000,84867
2021-12-07,368.0,368.8,367.08,367.88,95419,85340
2021-12-08,368.28,368.94,365.88,368.28,120371,84263
2021-12-09,367.28,367.5,366.02,366.72,108535,84599
2021-12-10,366.66,368.36,365.1,365.62,140358,86653
2021-12-13,366.18,369.72,365.9,368.14,150454,83095
2021-12-14,369.42,369.42,367.6,368.52,93707,81966
2021-12-15,367.98,368.16,363.5,364.36,154840,92947
2021-12-16,365.0,368.1,363.7,368.08,126793,84017
2021-12-17,368.0,372.96,367.9,372.78,169339,80495
2021-12-20,374.06,374.76,371.8,372.34,116091,76457
2021-12-21,371.7,371.9,369.26,369.72,105785,74404
2021-12-22,371.2,371.8,368.68,368.9,103517,74192
2021-12-23,370.1,373.24,369.2,372.78,106970,72710
2021-12-24,372.68,373.96,371.18,373.56,99060,73933
2021-12-27,373.6,374.46,372.42,373.44,52289,65790
2021-12-28,372.96,374.6,371.74,374.54,81814,63131
2021-12-29,374.7,375.4,371.82,372.58,90308,59323
2021-12-30,370.16,372.3,369.16,370.82,102795,54819
2021-12-31,372.14,375.28,371.06,374.7,94384,55482
2022-01-04,372.0,372.76,371.52,371.74,40002,50227
2022-01-05,371.3,373.9,370.74,373.1,74806,48680
2022-01-06,373.76,376.04,369.92,370.64,96308,45808
2022-01-07,369.0,369.84,368.02,368.14,87693,43436
2022-01-10,368.3,369.76,367.12,368.56,89563,41458
2022-01-11,368.6,372.34,368.28,371.94,74589,39839
2022-01-12,371.72,374.6,370.92,373.92,63261,37307
2022-01-13,373.98,375.4,373.54,374.92,65685,35778
2022-01-14,374.68,375.04,372.2,374.58,59010,33604
2022-01-17,373.56,374.68,371.5,372.52,61879,30014
2022-01-18,372.42,373.04,371.36,371.76,28301,26505
2022-01-19,373.5,374.86,371.8,373.06,100350,109525
2022-01-20,373.72,378.9,373.7,378.4,124632,121124
2022-01-21,378.42,379.78,377.52,378.22,96909,124470
2022-01-24,377.14,378.84,376.4,377.2,93706,125000
2022-01-25,377.44,378.46,375.6,377.92,103475,125384
2022-01-26,377.7,380.2,377.42,378.58,107028,127411
2022-01-27,378.5,378.8,371.3,371.58,139154,122231
2022-01-28,371.72,372.56,369.36,370.1,105630,119198
2022-02-07,372.76,373.08,371.9,372.14,38735,116476
2022-02-08,372.82,375.34,372.82,374.8,69580,114128
2022-02-09,374.52,376.82,374.52,376.58,65610,117233
2022-02-10,376.48,377.92,375.68,377.4,73162,122922
2022-02-11,377.12,378.5,374.92,375.24,123704,124883
2022-02-14,376.48,383.24,375.24,381.7,129559,135136
2022-02-15,381.94,385.92,381.24,385.58,135442,144132
2022-02-16,379.5,380.2,378.22,379.84,120792,137278
2022-02-17,379.5,384.16,379.16,383.54,103142,140114
2022-02-18,385.6,388.3,385.56,386.64,152353,146060
2022-02-21,386.88,388.8,385.74,386.0,133179,147102
2022-02-22,387.62,391.42,386.8,390.72,103148,152155
2022-02-23,387.9,389.04,386.6,387.58,108472,154116
2022-02-24,386.72,397.36,386.72,396.04,169790,160094
2022-02-25,400.24,401.58,389.0,391.42,267276,158160
2022-02-28,387.02,392.38,384.46,389.02,199335,148983
2022-03-01,389.02,391.12,385.72,389.14,161636,151624
2022-03-02,390.9,395.06,389.88,394.5,204677,153579
2022-03-03,392.6,394.52,390.94,393.2,178150,152607
2022-03-04,393.6,397.08,392.42,394.64,178195,153000
2022-03-07,396.2,406.54,395.32,403.3,246146,157362
2022-03-08,402.6,412.84,398.38,412.2,248842,160192
2022-03-09,409.5,420.74,407.8,417.16,338749,155056
2022-03-10,408.32,409.04,399.68,404.0,267975,145334
2022-03-11,407.46,408.82,403.54,404.78,186460,143797
2022-03-14,402.36,406.48,400.2,402.5,193134,139748
2022-03-15,400.28,401.06,393.04,394.46,169348,133762
2022-03-16,393.3,394.92,390.7,391.04,154667,131122
2022-03-17,392.0,396.26,388.5,395.44,160425,133249
2022-03-18,396.38,398.58,395.32,395.9,124890,133459
2022-03-21,396.88,396.98,393.74,394.76,121955,133301
2022-03-22,394.88,398.06,393.22,397.16,104039,137886
2022-03-23,396.18,396.18,392.78,394.76,108928,139380
2022-03-24,396.5,400.96,396.3,399.02,111485,142185
2022-03-25,400.32,403.7,399.82,401.7,131539,146137
2022-03-28,401.5,403.04,397.46,397.68,135966,145537
2022-03-29,398.34,399.16,394.76,395.54,97191,143417
2022-03-30,390.0,395.54,388.8,394.74,141284,142204
2022-03-31,394.96,397.2,392.6,394.34,101336,140897
2022-04-01,395.88,398.28,395.08,396.26,106554,140830
2022-04-06,394.1,395.74,393.48,394.5,46276,139966
2022-04-07,395.18,395.96,393.5,394.94,86765,140573
2022-04-08,395.3,397.32,395.3,396.04,95198,142163
2022-04-11,396.72,400.18,396.46,399.6,128916,149299
2022-04-12,403.44,403.5,398.78,401.78,125403,151812
2022-04-13,404.34,404.74,402.02,403.7,134210,157387
2022-04-14,405.7,406.08,403.92,404.32,96536,157758
2022-04-15,404.96,406.28,402.78,405.82,113478,161169
2022-04-18,405.82,408.46,404.92,408.02,73708,160397
2022-04-19,408.5,409.04,404.56,405.1,106332,155858
2022-04-20,404.46,405.24,399.32,400.06,161069,143143
2022-04-21,402.44,405.16,401.76,405.06,102896,142342
2022-04-22,404.16,407.16,402.7,406.8,125149,148913
2022-04-25,405.66,407.78,403.48,404.42,181631,140109
2022-04-26,399.88,402.56,399.6,401.3,153998,132594
2022-04-27,401.0,403.2,400.78,400.9,128668,117602
2022-04-28,400.8,401.1,397.66,400.82,152938,113128
2022-04-29,401.52,407.06,401.32,405.82,136855,111709
2022-05-05,402.78,405.04,402.36,404.52,49351,109650
2022-05-06,406.54,406.88,401.2,403.6,145835,107145
2022-05-09,404.22,406.58,403.44,405.36,114119,106773
2022-05-10,403.56,405.76,402.04,402.3,129279,98089
2022-05-11,403.58,404.16,398.08,399.94,128547,92201
2022-05-12,399.94,404.58,399.62,404.24,130086,89191
2022-05-13,403.2,404.34,399.22,399.66,126324,82247
2022-05-16,396.62,398.06,394.82,395.84,132666,75447
2022-05-17,396.1,398.44,394.56,397.98,97417,65894
2022-05-18,396.98,396.98,393.04,393.32,94759,62145
2022-05-19,393.48,396.36,393.3,394.96,84776,57132
2022-05-20,398.42,398.94,396.48,397.18,97174,47535
2022-05-23,396.7,399.08,394.82,397.16,85395,41831
2022-05-24,397.6,398.48,395.8,398.08,65760,36863
2022-05-25,399.08,400.0,398.46,398.84,68038,29649
2022-05-26,399.22,400.58,397.8,400.36,60911,24257
2022-05-27,399.98,402.34,399.78,402.14,43290,19791
2022-05-30,401.68,402.22,399.56,399.92,90840,68431
2022-05-31,399.3,400.56,397.92,399.04,68298,70506
2022-06-01,398.58,399.54,395.0,396.36,95514,71583
2022-06-02,397.68,399.78,396.78,398.98,90356,70175
2022-06-06,397.28,398.6,397.08,398.0,24065,68402
2022-06-07,397.28,397.46,395.16,396.0,67655,68849
2022-06-08,397.18,398.76,396.9,398.02,66358,66977
2022-06-09,399.46,400.5,398.72,398.82,60238,68632
2022-06-10,398.74,399.12,397.14,397.54,65595,68174
2022-06-13,397.72,406.12,396.46,404.22,162941,78049
2022-06-14,401.0,402.22,396.3,396.9,135012,72780
2022-06-15,395.86,396.0,393.52,394.46,104836,70940
2022-06-16,396.22,397.12,393.32,395.76,101969,70145
2022-06-17,395.48,398.8,395.28,398.58,102250,67768
2022-06-20,399.68,400.1,396.72,397.0,92530,68741
2022-06-21,396.36,397.46,396.04,396.26,48969,69055
2022-06-22,396.74,397.76,395.16,396.2,75377,68810
2022-06-23,398.44,399.2,396.3,396.7,85445,67153
2022-06-24,396.9,398.44,393.02,393.64,114804,67342
2022-06-27,393.44,396.36,392.46,396.32,81461,60854
2022-06-28,395.2,396.0,393.1,393.86,91042,44398
2022-06-29,394.38,395.24,393.14,393.34,68553,42209
2022-06-30,395.38,395.78,392.26,392.7,87446,41009
2022-07-01,393.9,394.36,388.44,388.94,98916,40811
2022-07-04,387.38,391.34,386.7,390.92,89714,38131
2022-07-05,389.9,391.18,389.9,390.52,39337,33312
2022-07-06,390.0,390.1,381.7,382.86,100756,33505
2022-07-07,382.18,382.68,375.06,377.44,112644,33934
2022-07-08,376.6,378.0,375.2,377.04,62329,32501
2022-07-11,375.9,378.56,375.5,377.0,65924,30024
2022-07-12,378.52,381.16,375.78,378.2,96671,121746
2022-07-13,377.8,378.3,375.1,375.6,85788,128351
2022-07-14,373.7,379.98,373.4,376.1,139404,128926
2022-07-15,374.98,375.6,372.16,373.38,123043,131170
2022-07-18,373.7,375.58,371.8,374.98,108560,130622
2022-07-19,374.94,376.0,373.02,373.84,84271,137330
2022-07-20,373.78,375.0,373.3,373.52,73963,138685
2022-07-21,374.08,375.24,369.82,370.32,97555,146300
2022-07-22,373.7,376.54,371.68,375.98,142536,137504
2022-07-25,376.66,379.72,376.06,377.18,105493,138104
2022-07-26,376.94,377.84,375.2,377.46,75446,139027
2022-07-27,376.4,377.1,375.8,376.64,66567,142175
2022-07-28,376.1,380.76,375.0,380.72,105414,142439
2022-07-29,381.7,386.48,380.84,386.1,132826,144045
2022-08-01,384.06,386.6,383.7,385.8,106224,142865
2022-08-02,388.0,391.1,387.2,389.16,101254,146991
2022-08-03,391.4,391.5,384.52,387.3,147045,147914
2022-08-04,388.16,388.52,384.64,387.9,98142,144753
2022-08-05,389.66,392.0,388.1,391.1,91461,145024
2022-08-08,387.08,389.52,386.62,388.7,80162,143959
2022-08-09,389.72,391.42,389.6,390.46,63863,145258
2022-08-10,391.8,393.24,391.0,391.18,68684,147290
2022-08-11,392.3,392.46,389.08,389.56,77324,147851
2022-08-12,391.04,391.88,389.78,391.22,61410,148698
2022-08-15,391.22,393.24,390.8,392.0,81211,151634
2022-08-16,390.54,391.76,389.42,391.52,67453,150845
2022-08-17,390.02,390.84,389.52,389.9,65455,151262
2022-08-18,389.64,389.64,386.7,387.76,72769,151912
2022-08-19,388.6,388.96,386.5,387.56,77205,152629
2022-08-22,387.9,388.66,386.02,386.26,68649,152993
2022-08-23,385.32,387.82,385.0,387.32,61676,154056
2022-08-24,386.58,389.6,386.5,389.54,62855,153425
2022-08-25,389.0,391.06,388.6,390.82,55400,153126
2022-08-26,390.82,391.6,389.62,391.28,56434,153994
2022-08-29,389.02,391.12,387.4,387.94,103273,150076
2022-08-30,389.74,390.82,389.22,389.3,60243,150886
2022-08-31,388.6,389.2,386.6,386.92,68549,152579
2022-09-01,385.02,386.8,382.96,383.7,97678,153021
2022-09-02,382.84,383.28,381.08,383.02,81362,152378
2022-09-05,384.5,387.58,383.5,386.86,76187,148539
2022-09-06,387.54,389.1,386.34,388.98,48930,146233
2022-09-07,387.8,388.38,385.0,386.36,71015,145708
2022-09-08,386.66,389.72,386.18,389.46,68825,143980
2022-09-09,388.46,389.52,386.7,389.52,75842,144703
2022-09-13,389.46,390.22,388.78,389.66,30917,147143
2022-09-14,387.14,388.6,386.66,387.2,83661,146422
2022-09-15,388.02,388.56,385.0,385.24,74428,150165
2022-09-16,386.22,386.72,382.92,383.6,105207,153193
2022-09-19,383.82,386.06,383.48,384.7,81940,151930
2022-09-20,384.58,387.0,384.0,385.84,68849,150312
2022-09-21,385.48,387.36,384.14,386.98,71320,149144
2022-09-22,387.08,387.18,384.26,386.04,74938,147751
2022-09-23,388.2,388.2,386.5,387.64,77093,145614
2022-09-26,385.0,386.56,382.88,384.38,116323,143474
2022-09-27,384.94,385.44,382.3,384.88,85615,143327
2022-09-28,385.1,386.0,384.26,385.9,87178,140837
2022-09-29,387.76,390.0,387.44,389.66,117404,144035
2022-09-30,387.98,391.0,387.34,390.82,89474,146605
2022-10-10,398.0,398.0,392.92,393.24,59687,147560
2022-10-11,392.6,393.0,391.28,392.72,66393,147396
2022-10-12,392.1,393.86,391.5,393.04,70108,147003
2022-10-13,393.38,394.0,392.58,393.0,52091,147080
2022-10-14,391.5,393.0,390.16,392.42,111854,147554
2022-10-17,391.7,392.08,389.52,390.28,79885,143075
2022-10-18,392.68,392.82,389.96,390.78,68304,142008
2022-10-19,391.5,391.5,389.84,390.18,56600,143302
2022-10-20,389.96,390.3,387.8,388.1,73576,139419
2022-10-21,388.68,389.46,387.08,387.46,64585,135755
2022-10-24,389.74,392.82,388.3,392.72,112181,131608
2022-10-25,393.24,394.92,392.62,393.82,72933,132127
2022-10-26,393.5,395.0,393.2,393.62,72139,127192
2022-10-27,391.7,393.0,391.5,392.7,73381,119134
2022-10-28,392.7,393.8,392.52,392.78,58869,117808
2022-10-31,391.06,391.92,390.28,391.66,67523,111118
2022-11-01,391.36,392.14,390.26,391.46,61577,105950
2022-11-02,392.18,393.0,390.8,392.1,58395,103430
2022-11-03,393.26,394.0,390.7,390.88,70630,97790
2022-11-04,389.08,391.28,388.78,390.8,63961,94019
2022-11-07,390.62,394.74,390.24,394.0,79427,92241
2022-11-08,394.42,395.58,393.82,394.82,55222,90020
2022-11-09,394.86,403.36,394.86,403.26,92599,87016
2022-11-10,402.5,404.32,401.9,403.54,65784,83584
2022-11-11,403.3,435.28,403.3,406.72,113886,79306
2022-11-14,407.4,407.78,402.88,403.44,62777,73879
2022-11-15,404.0,407.0,403.78,404.96,83648,142435
2022-11-16,406.0,407.84,404.64,407.12,106622,149572
2022-11-17,408.54,408.96,406.88,407.7,96880,151907
2022-11-18,408.36,408.44,406.82,407.42,88918,155916
2022-11-21,406.6,407.0,404.02,405.2,101950,155516
2022-11-22,404.74,405.58,403.88,404.86,94354,155423
2022-11-23,404.9,405.5,404.04,404.66,85143,156873
2022-11-24,404.8,407.36,402.7,406.4,129248,160764
2022-11-25,407.1,408.16,406.74,407.6,93404,167140
2022-11-28,407.3,409.96,406.62,408.02,123275,167282
2022-11-29,408.56,409.04,405.82,406.56,120432,163720
2022-11-30,406.7,407.4,404.6,406.12,111763,163566
2022-12-01,404.34,407.36,401.22,407.1,148311,162109
2022-12-02,407.7,410.12,407.64,409.72,126780,169115
2022-12-05,408.04,409.02,405.48,405.72,123776,159256
2022-12-06,404.42,404.46,401.36,401.78,128772,158153
2022-12-07,403.44,403.68,400.8,401.1,85143,155150
2022-12-08,401.4,403.0,401.22,402.44,82213,154121
2022-12-09,402.84,404.4,402.4,403.46,100719,150310
2022-12-12,404.58,406.56,403.0,403.3,108687,148210
2022-12-13,403.58,403.92,402.56,403.54,78632,146433
2022-12-14,404.3,409.3,403.92,408.1,154568,153039
2022-12-15,406.98,408.22,404.08,404.86,92196,151275
2022-12-16,402.02,403.42,401.44,402.9,105956,146476
2022-12-19,403.7,406.36,403.08,405.3,99517,140301
2022-12-20,404.86,405.68,403.5,405.42,84321,134573
2022-12-21,406.5,410.3,406.42,409.5,103246,141855
2022-12-22,410.0,411.38,409.58,409.86,77926,141571
2022-12-23,410.3,411.2,405.68,406.8,102230,133967
2022-12-26,407.44,408.58,406.8,407.24,90355,92944
2022-12-27,406.44,408.0,406.44,407.96,48226,84451
2022-12-28,408.86,412.48,407.48,408.6,78312,76277
2022-12-29,408.58,409.68,407.62,408.36,56145,69937
2022-12-30,408.68,410.72,408.3,410.72,56463,63537
2023-01-03,412.0,412.34,409.84,411.2,58029,138424
2023-01-04,411.26,413.88,410.7,413.26,120196,149575
2023-01-05,414.38,415.92,412.4,412.5,124302,156299
2023-01-06,411.52,412.78,408.5,409.54,126762,152078
2023-01-09,409.32,414.62,409.0,414.0,144186,159731
2023-01-10,414.06,414.24,412.14,413.7,101239,163399
2023-01-11,413.78,415.18,413.5,414.8,89422,167599
2023-01-12,414.2,414.92,411.38,414.58,103031,167155
2023-01-13,415.28,416.28,413.0,415.22,139230,166790
2023-01-16,415.22,419.36,414.8,417.28,129913,168405
2023-01-17,418.2,419.66,417.82,419.0,91928,173400
2023-01-18,419.76,420.94,417.04,418.4,131047,174445
2023-01-19,420.0,421.48,417.58,419.66,133678,174369
2023-01-20,420.28,424.3,419.88,423.5,118571,174298
2023-01-30,421.48,422.88,421.14,422.68,52184,173023
2023-01-31,421.84,422.3,419.08,419.48,104552,171875
2023-02-01,417.96,422.5,417.96,421.58,101480,173729
2023-02-02,421.7,425.68,420.44,424.86,109719,178206
2023-02-03,425.76,425.98,418.06,419.34,155328,170202
2023-02-06,419.34,419.34,412.8,413.8,191854,161566
2023-02-07,413.18,413.78,412.22,412.62,107868,157363
2023-02-08,412.32,414.22,411.42,412.7,118069,154103
2023-02-09,413.5,414.16,411.4,413.52,108221,152758
2023-02-10,413.4,414.68,409.74,410.76,130010,145344
2023-02-13,412.5,413.52,411.12,413.08,91353,141491
2023-02-14,412.3,412.94,410.18,412.74,92246,138685
2023-02-15,412.32,414.0,410.86,411.66,167137,137670
2023-02-16,410.4,411.66,410.1,411.48,98258,136191
2023-02-17,411.7,412.5,409.92,410.26,119210,135692
2023-02-20,410.68,413.02,410.22,412.3,104084,133851
2023-02-21,412.44,412.96,411.64,411.7,60697,133958
2023-02-22,411.5,413.28,411.3,412.94,94793,130244
2023-02-23,413.72,414.22,411.2,411.94,88063,127262
2023-02-24,411.62,413.5,410.46,413.14,120010,115265
2023-02-27,412.1,413.26,411.94,412.2,83014,107333
2023-02-28,412.04,413.4,412.04,412.64,92781,73840
2023-03-01,411.46,414.64,411.18,414.04,88817,70774
2023-03-02,412.98,413.9,412.58,413.62,81946,67693
2023-03-03,413.84,415.7,413.78,415.58,68066,66796
2023-03-06,416.4,418.64,415.54,418.44,64740,64043
2023-03-07,419.52,419.52,418.12,418.82,42751,61962
2023-03-08,417.56,417.62,413.8,414.08,77655,56424
2023-03-09,413.96,414.62,413.26,414.02,45268,53561
2023-03-10,414.96,417.14,414.4,416.76,53450,50636
2023-03-13,416.92,422.74,416.1,420.42,94690,48144
2023-03-14,423.9,426.74,423.0,426.36,133043,154711
2023-03-15,426.38,426.98,424.56,426.54,96764,164756
2023-03-16,432.88,434.48,428.44,430.48,165048,165886
2023-03-17,432.58,433.68,429.5,432.44,139775,174190
2023-03-20,435.18,445.94,435.08,445.02,234497,184872
2023-03-21,441.5,444.22,439.9,441.56,163544,183728
2023-03-22,439.08,439.58,433.3,435.42,193003,174208
2023-03-23,434.08,439.9,433.84,438.36,156312,178980
2023-03-24,437.88,442.36,437.4,440.7,159741,180777
2023-03-27,443.7,444.34,438.0,438.14,163748,175346
2023-03-28,434.24,437.28,434.0,436.18,120749,166725
2023-03-29,437.88,440.18,436.32,437.76,110786,167148
2023-03-30,438.1,439.7,437.06,438.9,103888,167592
2023-03-31,438.92,441.5,437.66,441.2,116913,170940
2023-04-03,440.8,441.2,434.6,435.62,139362,160589
2023-04-04,440.48,441.84,438.7,440.7,135008,163791
2023-04-06,447.56,448.0,446.12,447.18,57806,165653
2023-04-07,446.8,447.44,444.76,447.32,94427,168655
2023-04-10,446.48,446.82,441.64,442.8,83936,165314
2023-04-11,442.02,445.12,441.12,444.84,107590,165807
2023-04-12,444.44,450.2,444.04,448.84,129654,174723
2023-04-13,449.96,450.0,445.46,448.82,129526,174862
2023-04-14,452.96,453.28,449.88,451.0,148264,176001
2023-04-17,448.74,449.56,442.2,446.08,206577,164440
2023-04-18,444.3,444.8,440.7,444.26,125647,157994
2023-04-19,444.7,446.94,443.04,443.98,133379,151238
2023-04-20,441.9,445.18,441.02,444.54,139017,143699
2023-04-21,445.5,446.56,441.64,442.5,128761,137660
2023-04-24,442.22,444.66,439.56,441.16,169080,123763
2023-04-25,441.5,445.24,440.06,444.98,121581,117526
2023-04-26,445.42,448.56,444.02,446.34,107214,114524
2023-04-27,446.26,448.9,444.5,447.28,122132,112792
2023-04-28,444.18,445.5,442.62,444.04,116208,104642
2023-05-04,458.26,459.98,454.72,455.26,104705,181965
2023-05-05,455.5,459.96,455.14,457.92,187837,194220
2023-05-08,451.34,452.38,447.62,452.36,201777,184003
2023-05-09,452.84,454.1,451.38,453.18,142035,188589
2023-05-10,453.56,455.74,452.94,454.9,140134,192028
2023-05-11,457.48,457.48,453.26,454.82,170738,195037
2023-05-12,456.72,457.18,450.5,451.5,218450,189274
2023-05-15,452.64,454.56,452.08,453.42,186261,194528
2023-05-16,453.8,454.68,451.28,452.26,163253,188413
2023-05-17,453.8,453.92,448.6,450.24,217667,184116
2023-05-18,449.64,450.18,447.42,449.4,180446,185855
2023-05-19,448.7,448.7,446.1,447.62,203726,179045
2023-05-22,445.76,450.9,445.24,449.54,230236,187340
2023-05-23,449.6,450.46,447.26,447.62,161126,185611
2023-05-24,447.04,451.34,447.04,449.9,192522,187177
2023-05-25,450.9,451.08,447.08,448.0,212054,181895
2023-05-26,445.26,447.28,444.6,445.5,217222,169726
2023-05-29,445.4,446.3,443.62,445.66,170564,171217
2023-05-30,446.24,446.4,443.92,444.62,125731,170541
2023-05-31,448.36,451.72,447.26,450.86,198417,185105
2023-06-01,451.72,453.76,450.56,450.98,172141,186510
2023-06-02,452.2,454.38,451.82,452.3,134947,190399
2023-06-05,451.1,452.34,446.5,447.26,183974,180046
2023-06-06,447.12,450.86,447.12,450.28,122413,183120
2023-06-07,451.54,452.42,450.1,451.1,121200,187812
2023-06-08,450.34,452.46,447.92,448.46,186657,182768
2023-06-09,450.7,452.38,450.38,452.34,134044,190876
2023-06-12,452.12,453.22,451.04,452.5,136954,191169
2023-06-13,452.52,453.96,450.5,453.68,134095,195839
2023-06-14,453.16,453.7,449.9,450.9,162977,189090
2023-06-15,452.28,452.58,447.02,447.14,171681,181646
2023-06-16,446.8,451.54,446.8,450.5,155087,177996
2023-06-19,451.54,451.88,449.66,451.24,133047,176077
2023-06-20,451.18,451.98,450.48,451.76,81947,173751
2023-06-21,450.98,450.98,448.02,449.84,144352,161934
2023-06-26,448.3,449.54,448.28,449.14,53739,158358
2023-06-27,451.16,451.3,448.1,448.86,120377,153334
2023-06-28,448.4,449.32,446.04,447.1,176469,116750
2023-06-29,447.16,448.44,446.8,447.5,124723,109632
2023-06-30,446.04,448.98,445.84,448.6,138212,99794
2023-07-03,449.7,451.18,449.1,449.52,119284,93437
2023-07-04,450.34,451.58,449.44,449.94,88873,90508
2023-07-05,450.36,451.0,449.6,450.7,49959,85789
2023-07-06,453.26,453.84,450.94,451.66,148454,171663
2023-07-07,448.8,450.98,448.7,450.82,193374,176654
2023-07-10,451.66,452.98,451.04,452.08,175905,183553
2023-07-11,450.28,452.78,450.2,452.2,187560,184855
2023-07-12,451.98,452.96,451.78,452.12,167710,191378
2023-07-13,453.28,456.58,452.4,456.32,241639,210245
2023-07-14,455.6,456.36,453.34,454.0,218384,209338
2023-07-17,454.44,456.14,453.5,455.34,204570,209437
2023-07-18,454.48,457.0,454.24,456.94,170294,215469
2023-07-19,458.3,463.18,457.78,462.48,258530,227159
2023-07-20,462.98,463.68,461.12,461.96,194080,231248
2023-07-21,459.94,461.0,458.96,459.3,200703,229079
2023-07-24,458.78,459.28,457.58,459.1,196798,225606
2023-07-25,459.9,459.96,456.66,456.8,216923,222844
2023-07-26,455.9,458.8,455.24,458.68,182891,221741
2023-07-27,459.2,460.36,457.52,459.76,194289,223323
2023-07-28,457.5,458.0,455.22,456.3,286816,215865
2023-07-31,457.3,457.5,455.5,455.98,186640,211841
2023-08-01,458.2,458.62,457.3,457.58,152556,209774
2023-08-02,455.84,457.44,455.22,457.18,164606,209074
2023-08-03,456.5,456.86,454.96,455.04,161216,207551
2023-08-04,453.76,455.36,453.62,454.4,160961,204252
2023-08-07,455.4,456.82,454.88,455.64,171277,200039
2023-08-08,455.58,456.14,454.44,455.64,110788,199723
2023-08-09,454.96,456.22,454.66,455.36,147298,198669
2023-08-10,454.7,455.44,453.08,453.62,156507,201894
2023-08-11,454.58,455.82,453.76,455.56,169611,201635
2023-08-14,455.88,456.28,455.04,455.74,116013,200427
2023-08-15,455.82,456.0,454.68,455.86,124451,199820
2023-08-16,456.02,457.34,455.9,457.1,138953,203581
2023-08-17,457.0,457.58,455.52,456.86,120772,200472
2023-08-18,456.6,457.0,454.8,455.1,135692,194838
2023-08-21,455.12,457.48,454.5,457.08,127984,194884
2023-08-22,456.98,456.98,455.4,456.5,112821,188078
2023-08-23,456.66,458.26,455.86,457.88,121657,189995
2023-08-24,458.26,460.62,457.94,460.04,130300,188719
2023-08-25,459.12,459.9,458.44,458.5,120951,163763
2023-08-28,459.06,459.48,457.4,458.62,135078,143683
2023-08-29,459.02,460.72,458.3,460.14,88464,132728
2023-08-30,459.5,462.02,459.48,461.48,143858,88395
2023-08-31,462.6,463.24,461.66,463.16,86609,79699
2023-09-01,461.82,462.86,461.1,462.46,88305,69172
2023-09-04,463.68,465.48,461.48,464.38,88769,65184
2023-09-05,463.96,465.46,463.12,464.98,66963,190823
2023-09-06,464.8,465.06,463.6,464.24,83041,191966
2023-09-07,463.98,464.72,463.38,464.12,92595,197251
2023-09-08,465.0,467.58,463.96,466.84,106633,205721
2023-09-11,466.22,467.94,465.88,466.54,117227,205222
2023-09-12,466.82,467.24,465.94,466.76,83461,205592
2023-09-13,465.52,468.74,465.5,467.66,108723,206913
2023-09-14,468.02,472.98,466.86,472.0,162409,216794
2023-09-15,471.9,480.26,466.96,469.72,301876,210228
2023-09-18,470.2,473.12,465.88,467.32,208045,202374
2023-09-19,467.32,470.36,466.48,469.8,98489,202205
2023-09-20,470.24,472.76,469.54,471.38,101713,203158
2023-09-21,471.5,473.0,470.16,470.88,107786,202379
2023-09-22,469.22,472.02,468.02,470.48,142986,204284
2023-09-25,470.88,471.78,469.62,471.48,75993,204002
2023-09-26,472.0,472.2,470.3,470.6,95477,204379
2023-09-27,470.2,470.7,465.16,466.9,150432,195417
2023-09-28,465.04,465.74,455.0,459.5,217875,195595
2023-10-09,454.0,456.0,451.74,454.8,93951,188401
2023-10-10,453.04,454.4,450.06,450.58,152411,185579
2023-10-11,450.7,451.44,449.32,450.4,104754,178091
2023-10-12,451.92,454.04,450.94,453.66,98888,173726
2023-10-13,453.64,455.28,452.5,454.92,84829,167366
2023-10-16,461.4,465.76,459.72,461.2,179576,159552
2023-10-17,462.02,463.42,461.6,463.4,77915,155999
2023-10-18,465.04,468.18,463.88,467.94,116649,152948
2023-10-19,470.0,472.18,468.2,471.26,149768,154367
2023-10-20,472.46,477.56,471.44,476.68,170195,157375
2023-10-23,475.78,479.44,473.56,476.0,174064,155737
2023-10-24,476.0,476.7,474.5,475.2,103427,152330
2023-10-25,473.52,475.36,472.22,473.92,116511,146892
2023-10-26,474.66,477.22,472.6,476.66,150524,144170
2023-10-27,475.46,477.58,474.24,476.98,129089,135504
2023-10-30,475.98,482.34,475.62,478.12,135419,125881
2023-10-31,478.36,480.12,478.12,478.94,111271,114676
2023-11-01,478.7,481.3,476.24,477.18,120722,106686
2023-11-02,478.78,479.56,477.06,478.72,114608,183499
2023-11-03,479.0,479.28,477.08,478.2,121323,183840
2023-11-06,480.5,480.5,475.44,475.96,211131,184269
2023-11-07,475.8,476.76,473.66,474.0,123570,185431
2023-11-08,471.5,473.28,470.38,471.84,153684,183809
2023-11-09,471.44,472.38,468.44,468.9,161457,183936
2023-11-10,468.48,472.38,467.84,471.36,167802,183277
2023-11-13,469.44,470.12,467.3,469.98,154240,186537
2023-11-14,468.86,471.7,468.34,471.52,127375,187768
2023-11-15,471.26,474.24,470.48,472.98,169300,189569
2023-11-16,473.38,473.38,471.04,471.86,139217,190888
2023-11-17,471.76,474.44,471.28,473.44,157364,196046
2023-11-20,472.22,472.96,467.94,468.0,169359,197106
2023-11-21,466.7,467.34,463.82,466.98,176755,196248
2023-11-22,466.64,469.7,465.48,466.1,210209,201731
2023-11-23,467.0,468.1,464.46,465.46,156914,199626
2023-11-24,465.08,465.96,464.86,465.9,82652,198939
2023-11-27,466.16,471.2,466.16,470.08,174440,191754
2023-11-28,470.86,472.12,469.74,471.6,133867,193020
2023-11-29,471.6,477.0,471.22,475.46,204742,200916
2023-11-30,475.16,476.48,474.72,475.72,141553,203317
2023-12-01,475.4,476.7,474.32,475.78,140499,204166
2023-12-04,475.2,486.48,474.46,481.62,220202,206229
2023-12-05,480.52,481.38,472.38,475.0,244094,198339
2023-12-06,473.74,474.7,471.38,474.08,148739,197578
2023-12-07,474.0,475.94,474.0,474.88,127302,197216
2023-12-08,475.28,476.58,473.28,475.2,120772,194309
2023-12-11,475.0,475.18,469.92,471.6,171616,190289
2023-12-12,470.78,470.78,467.7,469.9,121354,185592
2023-12-13,469.86,471.52,468.58,469.02,129229,177187
2023-12-14,469.72,477.94,468.74,476.2,118460,177733
2023-12-15,476.54,477.16,474.34,475.46,123606,172647
2023-12-18,476.52,476.6,473.0,474.9,117349,171748
2023-12-19,475.04,476.92,474.64,475.9,69023,169353
2023-12-20,476.3,477.86,475.56,476.92,86361,172115
2023-12-21,476.1,477.46,475.46,477.02,88478,169432
2023-12-22,477.06,480.9,476.3,479.54,123188,167366
2023-12-25,481.22,482.92,479.36,480.8,126682,159260
2023-12-26,481.0,481.78,480.5,481.4,60716,152602
2023-12-27,481.06,483.12,479.6,482.6,78178,144614
2023-12-28,483.42,485.38,482.82,483.6,94297,137197
2023-12-29,481.6,482.68,479.86,481.7,112640,106807
2024-01-02,481.24,483.8,480.82,483.32,37141,102542
2024-01-03,483.7,484.26,482.0,483.58,103087,159693
2024-01-04,480.8,482.12,478.9,481.64,153003,162541
2024-01-05,481.74,483.18,480.86,482.38,94913,164224
2024-01-08,481.5,484.52,480.06,481.72,195026,166978
2024-01-09,479.68,482.0,478.82,481.02,130398,166784
2024-01-10,481.2,482.26,479.76,479.86,126122,169229
2024-01-11,480.62,481.48,479.48,480.24,115386,167979
2024-01-12,480.28,482.3,477.68,480.78,206543,171505
2024-01-15,482.7,484.4,482.04,483.58,183843,178695
2024-01-16,483.58,484.0,482.92,483.34,79238,180945
2024-01-17,482.0,483.18,479.42,479.66,194971,177231
2024-01-18,480.94,480.98,478.06,478.72,154120,173928
2024-01-19,479.2,480.74,478.46,480.36,102473,171230
2024-01-22,481.7,482.24,478.64,478.88,152765,169402
2024-01-23,480.3,480.3,477.22,479.18,119090,167077
2024-01-24,478.52,478.84,477.74,478.66,89558,163942
2024-01-25,478.96,479.16,476.32,476.84,158471,165828
2024-01-26,476.84,478.98,476.4,478.72,135260,161768
2024-01-29,478.72,480.44,477.96,480.04,125295,162194
2024-01-30,480.08,481.32,479.12,481.0,121527,163600
2024-01-31,481.42,482.74,480.58,481.58,145507,166590
2024-02-01,482.0,483.72,481.58,482.84,124204,170277
2024-02-02,481.5,484.9,480.84,484.82,154979,177788
2024-02-05,484.56,485.18,481.0,481.44,155372,167263
2024-02-06,480.38,481.86,479.76,480.66,86678,162750
2024-02-07,480.1,482.78,480.1,482.1,81485,162826
2024-02-08,482.86,484.28,482.36,483.54,68874,162056
2024-02-19,480.96,481.48,479.66,480.7,48395,157903
2024-02-20,480.2,481.06,480.08,480.42,50524,148828
2024-02-21,481.4,482.08,480.3,480.42,77555,145169
2024-02-22,480.7,481.02,479.32,480.06,53831,143293
2024-02-23,480.08,480.54,478.52,478.96,75190,142763
2024-02-26,479.96,481.8,479.74,481.54,84933,137700
2024-02-27,481.22,481.7,480.22,481.42,73967,123068
2024-02-28,482.1,482.3,481.12,481.28,90141,83882
2024-02-29,481.16,482.2,481.04,481.82,56471,75837
2024-03-01,480.8,484.04,480.8,483.8,82911,73095
2024-03-04,485.1,490.86,483.54,490.1,115111,71784
2024-03-05,490.44,498.24,490.44,497.36,223914,217026
2024-03-06,498.64,502.56,498.1,500.7,230223,226577
2024-03-07,501.9,507.0,500.6,505.88,242473,232372
2024-03-08,506.12,507.54,503.3,506.28,188898,230787
2024-03-11,507.0,511.66,505.06,508.3,304482,233524
2024-03-12,507.4,509.26,506.22,506.74,143399,232204
2024-03-13,505.92,506.2,503.94,505.62,181051,224985
2024-03-14,506.3,509.86,505.94,506.34,165628,226692
2024-03-15,505.08,508.4,504.74,508.16,136994,231111
2024-03-18,506.46,508.16,503.36,504.04,161559,224743
2024-03-19,506.2,506.78,504.28,505.22,126757,223608
2024-03-20,505.38,506.32,504.44,505.74,92479,224869
2024-03-21,505.24,516.0,504.9,515.7,238295,234834
2024-03-22,515.5,515.94,508.82,512.48,253862,228361
2024-03-25,513.54,516.66,511.56,513.42,230031,232983
2024-03-26,514.56,515.54,513.42,514.2,127396,226697
2024-03-27,517.02,519.24,514.34,516.42,231783,222000
2024-03-28,518.0,520.0,516.54,520.0,199172,229199
2024-03-29,523.12,532.54,519.6,531.3,324507,235163
2024-04-01,530.2,535.16,528.22,534.04,254438,232639
2024-04-02,532.92,534.92,528.26,534.74,319248,226251
2024-04-03,534.96,541.8,533.74,541.52,381323,221474
2024-04-08,545.58,560.78,543.28,554.74,388087,218577
2024-04-09,553.8,559.2,550.96,556.92,367778,211408
2024-04-10,558.02,560.88,555.14,558.78,414951,203437
2024-04-11,556.34,558.64,552.14,555.22,455540,195790
2024-04-12,556.2,570.56,555.3,570.5,367585,201743
2024-04-15,570.42,588.28,559.5,563.88,838531,182620
2024-04-16,563.96,571.5,555.5,567.0,537866,177039
2024-04-17,567.02,572.96,564.44,567.78,487229,176631
2024-04-18,568.2,570.96,558.82,565.52,387539,166054
2024-04-19,566.56,576.12,562.06,568.3,451771,161989
2024-04-22,566.48,570.36,557.52,558.42,235813,163006
2024-04-23,553.9,556.18,543.72,544.84,241288,149695
2024-04-24,546.8,552.34,546.02,551.0,194167,147224
2024-04-25,550.64,554.5,546.5,550.28,168167,134438
2024-04-26,552.0,555.2,547.78,554.58,166994,128611
2024-04-29,555.58,557.18,550.38,551.46,129250,117838
2024-04-30,551.48,553.5,548.04,549.5,80825,109406
2024-05-06,542.56,548.46,542.2,548.32,88686,145249
2024-05-07,549.6,552.12,548.86,549.82,134427,152555
2024-05-08,548.96,550.98,547.1,549.0,139701,158101
2024-05-09,549.3,550.24,547.52,548.1,132501,161484
2024-05-10,550.04,561.58,548.44,561.4,221130,175824
2024-05-13,560.14,562.36,557.06,557.62,218976,176328
2024-05-14,557.24,557.9,554.38,554.62,150091,174412
2024-05-15,556.98,559.9,556.14,559.02,155143,179472
2024-05-16,561.5,567.16,557.38,564.42,244803,184417
2024-05-17,563.16,564.96,561.32,564.86,143240,184510
2024-05-20,566.86,582.44,566.4,578.84,352510,201747
2024-05-21,572.92,581.22,571.0,572.22,288207,195228
2024-05-22,575.52,577.66,571.82,573.32,193725,194102
2024-05-23,572.16,572.76,556.88,559.72,298603,182550
2024-05-24,559.54,560.9,550.46,554.48,250531,181506
2024-05-27,554.3,557.76,553.44,555.78,157096,180776
2024-05-28,557.5,560.38,555.82,555.96,162654,180724
2024-05-29,558.5,561.98,557.16,559.7,197437,182283
2024-05-30,555.96,558.52,551.54,554.2,179983,180798
2024-05-31,555.68,557.96,554.36,556.86,142963,180458
2024-06-03,559.24,560.62,548.82,551.56,219911,177028
2024-06-04,553.98,557.68,552.48,556.24,143303,174072
2024-06-05,553.44,555.54,549.4,553.62,166557,171997
2024-06-06,556.0,564.4,554.2,562.14,198820,181560
2024-06-07,560.1,565.62,558.56,562.3,187056,183009
2024-06-11,548.84,548.86,543.9,544.78,114009,171917
2024-06-12,548.08,548.82,545.52,548.04,114508,167965
2024-06-13,552.76,553.7,545.86,548.44,172406,166473
2024-06-14,549.32,549.8,543.52,548.48,154506,164108
2024-06-17,552.4,553.44,548.9,549.46,151503,162955
2024-06-18,549.6,551.56,548.12,550.08,102515,159254
2024-06-19,548.7,552.92,548.68,552.4,112158,162498
2024-06-20,552.16,557.54,551.4,557.16,113593,166218
2024-06-21,556.0,561.96,555.82,559.74,138885,165287
2024-06-24,560.26,561.66,550.5,551.18,179860,156262
2024-06-25,552.1,554.3,551.3,552.16,95922,150594
2024-06-26,551.9,552.76,546.8,548.7,173933,118974
2024-06-27,548.48,548.48,544.0,545.4,124778,116018
2024-06-28,550.22,551.84,549.04,551.52,112648,110091
2024-07-01,553.3,554.1,549.4,551.42,104127,104969
2024-07-02,552.22,553.16,550.18,552.48,89881,102440
2024-07-03,552.08,556.12,550.9,555.7,115409,99857
2024-07-04,557.88,560.26,556.76,558.34,109938,97546
2024-07-05,558.38,560.12,557.64,559.66,62181,96114
2024-07-08,561.18,565.36,560.6,560.74,124642,93697
2024-07-09,560.12,561.94,555.38,558.66,89396,91030
2024-07-10,557.92,561.2,555.9,561.1,85961,88154
2024-07-11,564.8,566.48,563.06,565.46,119991,149987
2024-07-12,570.7,572.68,566.8,568.54,208248,160414
2024-07-15,566.8,571.44,566.24,568.34,151999,166089
2024-07-16,570.16,574.98,569.54,574.94,202686,182460
2024-07-17,574.86,585.84,574.4,581.56,308940,189097
2024-07-18,582.08,584.22,575.72,581.48,282721,188199
2024-07-19,580.0,580.54,563.82,565.94,307286,175466
2024-07-22,562.2,567.22,559.7,565.4,246819,170774
2024-07-23,563.76,566.92,561.32,562.6,214986,169409
2024-07-24,565.24,569.82,564.12,569.64,203989,177103
2024-07-25,570.52,571.48,554.4,555.68,342097,177651
2024-07-26,554.86,559.28,551.16,557.38,267377,178847
2024-07-29,559.58,564.6,557.84,561.24,224332,176731
2024-07-30,561.8,562.5,555.5,562.02,230894,173237
2024-07-31,560.86,568.3,559.34,566.28,263948,175987
2024-08-01,566.52,573.48,565.5,570.9,228522,178178
2024-08-02,572.42,574.3,568.18,574.04,263385,180477
2024-08-05,574.42,575.38,554.78,559.94,489030,174392
2024-08-06,546.0,559.16,545.44,554.18,349865,167620
2024-08-07,552.6,556.96,551.8,556.06,256432,166657
2024-08-08,557.82,558.08,552.8,556.1,181575,165949
2024-08-09,558.8,563.1,557.32,560.7,207332,164266
2024-08-12,562.3,565.48,560.0,565.3,172725,162860
2024-08-13,566.54,572.8,565.96,569.46,201710,166111
2024-08-14,569.7,570.5,565.06,568.22,177542,163665
2024-08-15,568.2,568.28,561.32,566.98,200643,160341
2024-08-16,565.18,569.56,563.0,567.74,196532,161704
2024-08-19,574.0,576.38,570.4,573.7,282788,164144
2024-08-20,571.66,575.16,570.7,574.24,190591,165080
2024-08-21,578.0,578.88,571.74,576.2,228314,165001
2024-08-22,575.2,576.78,572.08,574.46,191513,161858
2024-08-23,573.98,574.0,567.76,572.58,205112,155674
2024-08-26,574.2,576.34,572.22,576.2,218021,155282
2024-08-27,577.34,578.1,573.8,575.94,193436,133783
2024-08-28,575.2,577.7,574.0,575.16,177033,126012
2024-08-29,574.0,577.1,572.84,575.06,178399,122234
2024-08-30,573.3,576.98,572.88,574.06,208353,115051
2024-09-02,574.4,574.4,569.22,570.82,208531,107238
2024-09-03,572.38,572.88,570.1,572.12,109032,104324
2024-09-04,571.5,572.3,567.12,568.22,194110,95910
2024-09-05,569.0,572.36,567.42,572.04,168500,90347
2024-09-06,574.0,574.3,571.4,573.68,142148,89056
2024-09-09,574.4,574.5,567.04,569.22,252303,82371
2024-09-10,572.02,573.62,570.2,573.24,121401,81090
2024-09-11,575.16,576.56,571.88,576.12,145025,78224
2024-09-12,573.62,575.78,572.0,575.22,136237,71303
2024-09-13,577.24,585.2,576.12,583.58,185281,72186
2024-09-18,584.88,585.88,582.62,582.98,50533,66725
2024-09-19,583.42,587.38,579.62,582.2,127542,61048
2024-09-20,584.82,591.0,584.54,590.62,157150,219641
2024-09-23,592.58,596.32,589.68,595.14,219129,223747
2024-09-24,595.36,597.36,593.0,594.24,215966,220256
2024-09-25,594.2,601.88,593.78,598.74,221301,221276
2024-09-26,599.72,601.96,598.84,599.9,167856,219750
2024-09-27,601.84,602.3,597.02,599.42,210993,213152
2024-09-30,600.02,600.2,593.82,596.72,218847,206127
2024-10-08,598.0,599.8,595.8,596.22,104044,206129
2024-10-09,597.94,598.2,588.02,588.56,244379,198181
2024-10-10,590.54,591.18,587.32,590.7,157441,190664
2024-10-11,592.28,599.46,591.48,597.38,192063,187991
2024-10-14,597.38,604.4,597.18,603.3,170494,196568
2024-10-15,601.0,603.96,599.3,603.64,165111,194569
2024-10-16,603.46,612.0,603.18,611.98,230572,200322
2024-10-17,612.8,615.16,610.24,614.26,216396,200204
2024-10-18,613.88,622.88,613.18,619.06,322031,195366
2024-10-21,619.14,626.08,617.72,625.82,250464,196470
2024-10-22,627.34,628.38,621.0,626.5,254333,187431
2024-10-23,627.42,630.44,625.54,629.96,227818,190448
2024-10-24,628.72,628.72,617.84,624.54,351695,174608
2024-10-25,625.14,626.66,620.84,624.72,238915,165430
2024-10-28,624.3,627.8,621.88,626.58,238792,155368
2024-10-29,625.14,631.88,624.7,631.8,196802,158500
2024-10-30,630.8,639.48,630.04,638.62,238594,158290
2024-10-31,637.6,639.3,633.72,635.66,263615,145777
2024-11-01,633.86,634.0,624.18,629.72,323563,134619
2024-11-04,630.38,632.76,623.22,625.38,258488,124428
2024-11-05,625.5,626.78,621.4,625.02,175810,118123
2024-11-06,624.8,630.94,622.1,624.06,291828,114178
2024-11-07,621.66,622.0,610.7,611.32,362522,106746
2024-11-08,613.2,619.6,613.0,615.48,254000,102812
2024-11-11,617.72,621.9,614.3,615.78,236935,94539
2024-11-12,613.0,613.98,604.62,605.66,249456,88984
2024-11-13,604.1,607.16,602.54,604.46,188000,86127
2024-11-14,604.9,606.1,592.22,593.1,252657,82207
2024-11-15,592.48,597.18,592.12,593.3,190654,80118
2024-11-18,594.6,602.42,593.1,600.6,214612,78833
2024-11-19,602.14,610.12,601.7,609.84,156356,74960
2024-11-20,612.54,613.56,608.22,610.6,172648,67112
2024-11-21,611.7,618.06,611.36,617.7,152041,62917
2024-11-22,620.24,627.96,619.52,627.88,243349,180353
2024-11-25,630.0,631.14,616.84,619.16,405143,174508
2024-11-26,622.0,623.34,607.6,610.84,395721,166451
2024-11-27,612.6,616.86,609.3,616.46,318560,168097
2024-11-28,617.02,618.48,608.6,613.2,358088,172214
2024-11-29,615.0,619.24,611.42,618.8,279763,176302
2024-12-02,618.14,619.46,610.34,613.28,312505,173499
2024-12-03,617.04,620.52,615.22,619.32,253047,174879
2024-12-04,617.7,621.18,616.88,618.22,256109,170304
2024-12-05,616.0,620.4,614.74,618.4,247844,171665
2024-12-06,619.2,619.74,610.72,615.94,312137,163055
2024-12-09,615.78,620.88,612.82,619.12,294562,162413
2024-12-10,620.7,624.88,619.94,621.44,261386,164398
2024-12-11,624.2,629.4,622.7,627.06,299505,174105
2024-12-12,627.4,632.06,626.28,631.38,260864,176609
2024-12-13,628.6,630.0,622.7,625.6,297976,171425
2024-12-16,622.38,623.0,617.68,619.72,215352,163861
2024-12-17,621.1,622.7,618.36,619.14,175582,153307
2024-12-18,617.5,620.12,615.26,618.5,170427,152071
2024-12-19,618.1,619.58,608.88,613.52,232962,151900
2024-12-20,613.0,614.4,609.4,613.94,238580,151390
2024-12-23,613.3,620.38,612.68,620.14,238863,150291
2024-12-24,617.16,618.44,615.6,617.58,166109,142939
2024-12-25,616.56,619.78,615.84,619.0,121378,143306
2024-12-26,619.32,621.2,617.2,619.74,86289,141497
2024-12-27,619.74,621.92,618.6,620.22,152084,139590
2024-12-30,618.9,619.42,615.66,617.66,193424,116790
2024-12-31,620.24,620.92,616.64,619.44,63625,134111
2025-01-02,623.44,625.8,622.98,624.14,40001,138525
2025-01-03,627.04,630.16,625.0,629.22,85643,143601
2025-01-06,630.0,630.38,625.74,626.2,89184,142162
2025-01-07,628.0,628.24,620.4,626.2,121750,144412
2025-01-08,628.58,629.84,626.12,629.2,96480,144703
2025-01-09,629.4,632.92,627.88,632.9,112466,149758
2025-01-10,635.0,637.0,632.72,636.88,110900,158698
2025-01-13,636.7,640.94,632.8,638.72,179381,166909
2025-01-14,634.6,635.34,632.14,633.6,152096,163406
2025-01-15,633.24,637.46,631.16,636.84,187460,172863
2025-01-16,637.86,640.66,635.18,639.12,230185,175681
2025-01-17,640.36,643.92,639.6,640.68,239089,185478
2025-01-20,641.3,641.6,634.22,639.8,242354,186005
2025-01-21,638.6,640.26,633.56,639.78,262165,189041
2025-01-22,639.92,648.86,639.3,645.46,288931,208119
2025-01-23,646.8,647.62,645.1,646.2,214608,207871
2025-01-24,644.66,649.96,642.44,648.9,258222,206235
2025-01-27,649.52,651.9,645.06,647.54,224571,199780
2025-02-05,668.0,671.12,666.24,670.64,118422,205872
2025-02-06,672.42,674.2,668.28,668.46,227609,205577
2025-02-07,670.48,671.72,664.46,669.9,232702,199458
2025-02-10,670.5,679.5,668.2,679.08,371683,201628
2025-02-11,682.22,691.76,679.84,685.74,411548,193611
2025-02-12,680.0,685.12,677.0,681.22,354672,184046
2025-02-13,679.72,686.48,675.12,684.56,359774,186366
2025-02-14,685.72,688.66,683.86,688.4,254378,190905
2025-02-17,686.02,686.56,674.34,677.1,444372,174667
2025-02-18,678.0,683.88,677.2,682.82,200400,177308
2025-02-19,684.36,690.24,683.6,687.8,261476,179507
2025-02-20,688.5,690.46,684.18,690.0,289045,178647
2025-02-21,688.0,689.0,681.82,684.44,384739,170792
2025-02-24,684.8,686.9,682.2,685.98,310621,167268
2025-02-25,688.04,689.66,683.88,685.58,294169,157636
2025-02-26,683.78,686.54,674.6,679.42,436896,128465
2025-02-27,682.5,683.78,676.72,678.52,89442,139767
2025-02-28,676.5,679.54,673.08,673.48,91848,138459
2025-03-03,672.0,674.46,666.96,673.98,111016,134870
2025-03-04,676.18,680.26,674.52,678.38,76196,139064
2025-03-05,684.5,684.5,679.64,683.9,111033,148889
2025-03-06,683.0,683.54,677.46,682.4,100393,152376
2025-03-07,678.66,682.48,678.48,681.24,106443,156546
2025-03-10,682.24,683.8,678.7,683.04,124587,161820
2025-03-11,681.38,681.98,675.94,679.08,112440,160917
2025-03-12,680.6,682.02,678.58,681.12,86248,165520
2025-03-13,682.7,687.26,680.14,686.18,107484,177720
2025-03-14,687.52,699.36,687.16,696.7,160302,190429
2025-03-17,698.0,698.74,694.76,697.64,111207,196546
2025-03-18,697.0,702.94,696.5,702.38,144981,203341
2025-03-19,705.66,710.26,704.16,709.18,162851,203691
2025-03-20,708.0,712.1,705.0,710.5,176779,204027
2025-03-21,709.8,711.24,705.9,706.96,237973,207301
2025-03-24,708.0,708.7,701.32,707.14,283887,208072
2025-03-25,706.48,707.82,703.72,706.76,234642,206973
2025-03-26,707.0,710.02,706.84,709.02,238342,211694
2025-03-27,709.52,711.22,706.5,710.3,243137,211040
2025-03-28,714.66,722.88,711.82,722.8,413248,220712
2025-03-31,721.48,732.1,719.28,729.8,462424,223123
2025-04-01,731.74,739.8,726.14,736.3,510074,219054
2025-04-02,737.1,738.5,731.1,733.6,434172,213334
2025-04-03,735.88,747.98,731.9,739.04,537550,207566
2025-04-07,701.8,728.0,701.0,718.18,559250,191316
2025-04-08,718.6,720.38,710.04,719.22,559659,186813
2025-04-09,718.26,728.5,716.56,728.14,527616,193194
2025-04-10,729.0,744.88,728.6,744.48,703287,200632
2025-04-11,743.14,763.62,740.68,757.3,769572,194428
2025-04-14,763.0,766.5,757.18,763.64,610748,198618
2025-04-15,759.4,765.16,757.32,764.44,447203,200991
2025-04-16,763.94,782.38,762.3,781.6,449355,205193
2025-04-17,783.5,796.7,781.6,789.22,703874,197636
2025-04-18,788.1,791.9,778.14,791.02,595905,196308
2025-04-21,790.12,805.56,788.22,805.06,385994,198113
2025-04-22,810.3,836.3,808.4,831.42,872331,204670
2025-04-23,820.58,828.74,783.06,784.28,1365148,185564
2025-04-24,786.28,804.84,774.48,792.2,1125865,173026
2025-04-25,795.06,801.36,782.4,787.2,662672,166311
2025-04-28,784.5,790.68,777.16,780.04,543425,151558
2025-04-29,782.9,794.66,780.52,785.14,433745,143821
2025-04-30,786.0,790.3,782.0,782.38,185131,154445
2025-05-06,784.88,801.88,784.26,797.2,198879,173827
2025-05-07,802.0,809.36,795.6,803.5,413639,188308
2025-05-08,803.1,809.88,788.78,790.78,565698,198555
2025-05-09,795.86,797.5,777.1,788.42,663192,205859
2025-05-12,790.16,792.64,767.5,772.28,608130,210771
2025-05-13,760.8,768.66,756.02,767.68,625489,214581
2025-05-14,764.0,768.28,760.78,761.72,497536,214778
2025-05-15,750.0,752.74,732.64,739.82,744074,211188
2025-05-16,747.8,759.2,746.44,751.8,481303,211481
2025-05-19,743.7,761.04,743.04,755.86,354299,209904
2025-05-20,757.0,759.56,753.12,754.38,268945,211353
2025-05-21,760.6,779.2,758.68,778.78,396470,222494
2025-05-22,775.16,785.36,773.66,780.1,307542,224049
2025-05-23,775.22,780.58,770.0,780.1,330152,220512
2025-05-26,785.0,786.82,777.1,777.3,296331,216132
2025-05-27,777.9,780.98,770.38,771.6,228706,204795
2025-05-28,769.1,773.8,767.2,772.28,210848,199056
2025-05-29,772.7,773.74,759.3,764.32,250594,195076
2025-05-30,773.58,776.16,768.6,771.8,236013,181246
2025-06-03,789.4,790.0,781.6,783.1,131022,180833
2025-06-04,783.1,785.78,777.5,782.42,191944,180310
2025-06-05,782.4,787.96,780.72,783.72,198422,182808
2025-06-06,785.92,786.9,776.68,783.24,272195,178314
2025-06-09,781.12,783.08,767.08,774.72,255991,173184
2025-06-10,774.0,777.16,769.42,775.06,179960,170163
2025-06-11,777.7,779.76,774.02,777.54,165488,168745
2025-06-12,777.0,786.5,774.98,785.16,218198,172351
2025-06-13,786.98,801.14,785.16,794.36,294538,176244
2025-06-16,798.4,800.3,791.1,792.3,228842,176077
2025-06-17,792.68,792.68,782.1,785.08,192880,168917
2025-06-18,785.36,787.48,781.54,785.42,164233,162420
2025-06-19,786.5,789.1,779.26,781.24,190490,161030
2025-06-20,783.1,784.98,777.22,778.58,149695,156300
2025-06-23,777.26,784.48,776.46,781.3,158979,152358
2025-06-24,782.0,787.96,769.66,771.86,248445,147343
2025-06-25,769.86,774.42,764.98,773.94,159583,145731
2025-06-26,771.9,775.68,770.22,775.28,128026,135266
2025-06-27,774.18,776.86,767.1,768.64,174515,148475
2025-06-30,764.1,768.58,760.58,767.58,211285,155821
2025-07-01,766.18,776.64,765.4,776.1,171739,167465
2025-07-02,780.8,781.0,775.02,776.04,202457,168596
2025-07-03,779.02,782.24,776.22,781.28,189582,175461
2025-07-04,774.02,777.88,773.5,777.06,213782,175040
2025-07-07,775.38,777.2,769.34,771.3,190256,175760
2025-07-08,771.66,777.28,770.74,776.22,187574,179131
2025-07-09,774.98,775.3,765.22,766.82,310838,181258
2025-07-10,767.5,774.08,767.08,773.3,205604,184003
2025-07-11,773.3,775.88,770.46,773.56,217649,181932
2025-07-14,777.62,781.46,776.24,781.4,249578,191083
2025-07-15,777.0,781.52,775.84,780.4,216294,198270
2025-07-16,778.0,779.4,773.84,776.66,259450,200708
2025-07-17,776.22,782.84,773.64,776.28,375362,203084
2025-07-18,772.0,777.66,771.9,777.02,221277,202287
2025-07-21,780.1,782.58,778.08,781.7,216182,211236
2025-07-22,784.7,787.8,784.2,784.84,215395,216722
2025-07-23,788.5,794.0,787.6,792.9,286794,222386
2025-07-24,790.98,791.22,777.66,778.74,331215,213456
2025-07-25,774.88,779.24,774.32,777.32,190255,211851
2025-07-28,772.82,775.84,770.58,774.78,256019,209675
2025-07-29,772.66,773.3,767.68,771.44,219932,212407
2025-07-30,772.7,775.08,770.84,773.78,206379,214105
2025-07-31,771.3,772.44,766.86,770.28,260701,217080
2025-08-01,772.5,773.16,768.5,770.72,189185,218768
2025-08-04,778.5,781.78,778.42,781.42,271828,217696
2025-08-05,782.4,786.18,782.3,782.5,193353,218652
2025-08-06,782.8,785.82,782.58,783.68,191341,215212
2025-08-07,782.28,785.5,781.08,785.02,187081,217630
2025-08-08,784.18,788.36,783.34,787.8,251828,220321
2025-08-11,787.02,788.92,778.74,779.48,278074,211644
2025-08-12,777.52,778.78,775.52,776.04,194063,204736
2025-08-13,777.28,777.82,773.8,777.72,206809,201477
2025-08-14,778.12,780.58,777.02,778.7,149006,199577
2025-08-15,776.9,777.32,773.22,775.8,160609,197655
2025-08-18,775.92,777.84,774.52,777.66,129189,194004
2025-08-19,776.98,776.98,773.84,775.06,121660,191436
2025-08-20,774.72,775.54,770.38,772.68,153091,191473
2025-08-21,776.5,777.5,774.32,775.12,128755,183214
2025-08-22,776.0,777.22,772.74,773.4,139379,181759
2025-08-25,772.6,781.88,772.12,779.18,226253,180149
2025-08-26,778.44,782.4,778.26,781.12,118442,174587
2025-08-27,780.68,783.28,780.0,781.16,135834,166595
2025-08-28,782.0,784.58,781.4,783.22,148309,144467
2025-08-29,785.82,787.68,784.42,787.42,44257,152526
2025-09-01,788.5,804.08,788.02,802.2,132324,178201
2025-09-02,801.28,811.96,800.86,806.18,82702,185302
2025-09-03,806.0,818.56,804.38,816.66,111269,193359
2025-09-04,820.0,824.98,808.92,814.92,122987,194635
2025-09-05,816.88,819.68,809.3,817.52,80168,196626
2025-09-08,823.54,826.56,820.02,825.18,130224,203544
2025-09-09,830.0,839.34,829.68,837.1,153993,210551
2025-09-10,837.1,843.34,830.02,836.06,173781,210656
2025-09-11,835.84,839.34,830.84,832.84,107160,210404
2025-09-12,832.56,837.76,829.0,836.7,110010,213724
2025-09-15,836.12,837.82,830.78,834.1,93304,216585
2025-09-16,836.42,844.88,835.64,844.58,128102,225325
2025-09-17,844.18,845.88,836.68,837.64,160371,222304
2025-09-18,838.1,842.14,826.56,826.82,221255,228640
2025-09-19,832.12,833.16,826.86,830.56,210003,240177
2025-09-22,831.02,847.26,829.86,846.5,230847,260256
2025-09-23,847.5,856.3,845.04,855.44,258495,271553
2025-09-24,861.34,862.1,853.74,860.0,285621,274765
2025-09-25,860.0,861.22,852.08,854.72,270576,266629
2025-09-26,854.0,859.04,850.74,856.06,270430,264305
2025-09-29,857.7,867.0,855.56,866.52,333591,263213
2025-09-30,866.88,880.0,865.08,874.4,226548,256875
2025-10-09,909.96,918.88,903.4,914.32,196126,251108
2025-10-10,918.06,921.4,898.06,901.56,434564,238519
2025-10-13,904.88,928.88,901.8,927.56,446705,239995
2025-10-14,929.5,958.1,929.14,938.98,555171,228457
2025-10-15,937.5,960.42,934.5,960.34,420246,230682
2025-10-16,958.0,971.58,956.38,966.42,459193,225155
2025-10-17,968.56,1001.0,968.56,999.8,640614,222188
2025-10-20,989.7,989.8,960.06,970.32,728228,207902
2025-10-21,990.0,1001.96,982.28,994.06,496438,205075
2025-10-22,962.82,966.64,933.08,952.56,728934,192803
2025-10-23,927.66,948.0,923.62,942.28,555735,189131
2025-10-24,945.02,951.86,935.56,938.1,370888,185813
2025-10-27,936.16,948.46,931.2,934.14,386272,180815
2025-10-28,926.92,928.56,900.62,901.38,474483,175916
2025-10-29,895.12,911.98,893.64,910.88,363239,168691
2025-10-30,919.7,920.24,896.0,912.16,412100,163611
2025-10-31,910.0,926.3,908.8,921.92,395964,156890
2025-11-03,924.6,927.28,911.18,922.58,341261,151373
2025-11-04,921.9,925.86,912.08,915.58,332993,144602
2025-11-05,915.42,918.7,903.86,912.26,338102,141427
2025-11-06,913.5,917.8,911.68,917.8,238433,137883
2025-11-07,920.3,922.84,912.0,921.26,274034,136659
2025-11-10,918.74,937.08,916.28,935.98,320659,135933
2025-11-11,940.18,952.9,936.2,948.88,282172,130346
2025-11-12,949.84,952.08,940.78,945.76,260377,124340
2025-11-13,951.28,966.18,948.76,963.82,166257,132169
2025-11-14,970.0,970.58,954.9,956.12,172436,134671
2025-11-17,943.6,943.6,924.2,932.32,248663,135298
2025-11-18,935.36,938.44,920.5,921.34,171891,141830
2025-11-19,925.98,941.48,925.3,940.06,204359,148209
2025-11-20,945.0,948.86,932.44,935.46,261738,153257
2025-11-21,938.54,942.94,926.12,926.94,352583,160306
2025-11-24,933.98,940.08,927.52,930.32,314958,164620
2025-11-25,935.6,949.78,933.38,946.5,299689,181169
2025-11-26,942.56,950.8,939.04,946.72,341225,188763
2025-11-27,947.0,949.94,943.2,947.16,273359,195755
2025-11-28,947.02,955.5,945.74,953.92,189713,202129
2025-12-01,951.92,968.16,948.14,963.28,342979,205323
2025-12-02,964.82,968.26,955.22,958.42,313720,202022
2025-12-03,958.0,962.18,948.18,956.7,300096,197799
2025-12-04,958.0,964.12,949.78,953.42,310489,197638
2025-12-05,954.5,962.3,952.62,961.04,237697,196947
2025-12-08,962.34,967.88,954.5,958.7,298231,197193
2025-12-09,958.04,958.5,949.0,951.54,229564,194493
2025-12-10,955.7,959.02,952.22,956.4,222609,192659
2025-12-11,954.48,966.6,953.2,957.9,242710,192178
2025-12-12,958.9,970.88,955.5,970.66,291736,203873
2025-12-15,980.62,985.78,963.5,983.16,439719,203038
2025-12-16,983.34,983.8,967.08,971.42,293902,196197
2025-12-17,972.5,982.78,971.72,979.72,275889,197105
2025-12-18,977.0,982.92,976.54,980.5,241109,196733
2025-12-19,977.6,988.8,975.14,979.9,328878,189655
2025-12-22,979.9,1000.86,978.32,1000.86,278783,202142
2025-12-23,999.36,1018.68,998.0,1014.24,276379,199734
2025-12-24,1015.0,1022.88,1000.5,1014.68,351281,186795
2025-12-25,1013.94,1014.28,1003.12,1008.76,220136,182179
2025-12-26,1007.0,1023.96,1007.0,1016.3,224588,180712
2025-12-29,1015.38,1024.0,1006.0,1007.18,345222,166022
2025-12-30,1004.72,1007.12,970.02,984.84,391540,144462
2025-12-31,993.76,993.76,964.0,977.56,284543,136303
2026-01-05,991.0,997.22,988.52,995.0,115147,132422
2026-01-06,994.02,1007.42,991.6,1004.98,192487,130217
2026-01-07,1006.0,1011.0,997.64,998.9,200099,126146
2026-01-08,999.4,1004.94,993.58,997.94,193112,119994
2026-01-09,996.7,1007.0,993.0,1006.48,161188,119285
2026-01-12,1004.48,1031.3,1003.38,1026.28,238101,116448
2026-01-13,1031.32,1038.3,1028.04,1030.44,130801,144219
2026-01-14,1031.88,1044.06,1031.44,1043.58,154090,155969
2026-01-15,1045.0,1046.0,1031.8,1037.96,150963,158875
2026-01-16,1037.36,1040.0,1030.14,1035.5,122555,163285
2026-01-19,1036.1,1054.0,1021.64,1051.8,202264,167714
2026-01-20,1050.16,1061.16,1047.8,1060.16,168464,185962
2026-01-21,1063.0,1101.92,1060.1,1092.3,350273,207261
2026-01-22,1097.0,1099.62,1074.0,1087.58,369271,201382
2026-01-23,1087.0,1119.12,1084.8,1115.64,288050,206579
2026-01-26,1113.0,1151.7,1108.5,1143.32,395962,215820
2026-01-27,1145.94,1154.46,1112.78,1148.38,401545,217462
2026-01-28,1146.8,1186.76,1134.7,1186.2,430617,222472
2026-01-29,1189.6,1258.72,1180.0,1249.12,521258,211816
2026-01-30,1246.0,1251.28,1140.0,1161.42,894021,187290
2026-02-02,1140.0,1154.78,1005.4,1008.6,893317,178400
2026-02-03,1068.46,1098.3,1033.5,1093.78,726056,179293
2026-02-04,1100.02,1143.36,1098.68,1141.7,462718,178544
2026-02-05,1131.84,1139.8,1077.02,1105.76,631418,172503
2026-02-06,1089.0,1105.6,1050.02,1090.12,494742,163840
2026-02-09,1104.0,1133.16,1098.38,1125.94,331307,158759
2026-02-10,1122.92,1134.46,1116.4,1121.22,218097,156910
2026-02-11,1122.68,1132.6,1117.0,1130.4,217933,160510
2026-02-12,1133.8,1135.94,1118.2,1126.12,246621,154552
2026-02-13,1123.94,1130.38,1087.32,1110.1,303568,153140
2026-02-24,1160.0,1162.32,1142.0,1150.5,126903,157411
2026-02-25,1144.8,1154.98,1134.0,1151.06,198537,155075
2026-02-26,1148.68,1154.46,1144.08,1146.48,169400,151617
2026-02-27,1144.5,1150.2,1136.02,1147.9,194706,150146
2026-03-02,1150.16,1197.36,1148.62,1197.22,319930,154545
2026-03-03,1199.52,1205.78,1175.06,1182.0,392779,139770
2026-03-04,1163.2,1165.0,1124.14,1153.06,418498,126419
2026-03-05,1153.56,1159.92,1141.54,1152.0,233909,125040
2026-03-06,1151.4,1151.8,1131.22,1140.8,272430,113842
2026-03-09,1136.0,1152.88,1120.0,1140.0,312400,110866
2026-03-10,1145.38,1156.72,1137.28,1153.16,89822,123330
2026-03-11,1157.0,1164.28,1150.0,1155.52,76828,132291
2026-03-12,1151.0,1156.86,1146.18,1151.52,65754,137300
2026-03-13,1152.02,1155.1,1135.0,1135.9,86582,140959
2026-03-16,1141.92,1144.0,1113.64,1121.5,102459,144912
2026-03-17,1124.5,1125.06,1112.0,1119.16,71848,148093
2026-03-18,1120.46,1122.5,1111.14,1116.76,68754,153650
2026-03-19,1087.0,1095.2,1060.0,1065.26,152220,155634
2026-03-20,1024.98,1059.5,1004.72,1042.02,263642,157330
2026-03-23,1044.0,1045.0,929.1,942.8,370312,156398
2026-03-24,1001.26,1001.82,959.0,979.8,363001,159914
2026-03-25,977.0,1027.88,970.26,1013.96,317182,169532
2026-03-26,1014.5,1022.64,986.02,995.98,291301,170696
2026-03-27,991.18,1002.76,978.1,998.66,316403,169083
2026-03-30,993.46,1019.5,988.1,1014.88,393515,180952
2026-03-31,1023.8,1034.2,1011.0,1020.1,335355,180433
2026-04-01,1022.92,1053.5,1021.1,1053.18,315640,187601
2026-04-02,1052.78,1065.3,1013.72,1023.78,463035,176413
2026-04-03,1024.64,1047.44,1019.12,1033.0,306760,174544
2026-04-07,1035.0,1037.7,1027.76,1034.28,124206,174903
2026-04-08,1032.98,1070.0,1023.0,1062.0,311307,187085
2026-04-09,1059.7,1060.0,1038.78,1041.32,265623,182700
2026-04-10,1048.5,1059.0,1046.18,1048.36,221263,182265
2026-04-13,1053.42,1056.86,1036.8,1043.4,227711,182563
2026-04-14,1043.02,1053.0,1038.34,1052.82,216470,184072
2026-04-15,1050.0,1070.92,1050.0,1058.24,250768,188609
2026-04-16,1058.96,1064.3,1052.0,1061.5,173059,186941
2026-04-17,1060.0,1061.62,1050.06,1054.02,204155,181297
2026-04-20,1065.0,1074.44,1047.22,1054.96,308208,183293
2026-04-21,1056.0,1060.66,1051.1,1051.7,186441,180046
2026-04-22,1051.86,1055.46,1037.32,1051.4,258135,178514
2026-04-23,1048.0,1050.0,1036.0,1040.06,209677,181005
2026-04-24,1045.0,1045.54,1030.7,1032.12,232408,179208
2026-04-27,1036.8,1045.42,1035.1,1039.42,182039,173807
2026-04-28,1036.24,1036.86,1020.08,1022.1,210036,166173
2026-04-29,1015.18,1016.76,1007.24,1011.88,223967,159022
2026-04-30,1005.0,1016.38,996.12,1016.12,230115,153650
2026-05-06,1018.64,1028.68,1015.88,1028.48,90326,154376
2026-05-07,1031.1,1043.74,1028.72,1040.98,191181,157027
2026-05-08,1043.28,1046.36,1031.4,1038.22,210748,156036
2026-05-11,1038.0,1042.58,1020.16,1026.8,228085,152539
2026-05-12,1031.58,1042.9,1029.46,1030.12,199937,146394
2026-05-13,1032.56,1034.42,1018.0,1030.56,181640,141285
2026-05-14,1027.0,1032.44,1024.08,1029.6,165276,138738
2026-05-15,1030.0,1031.34,1000.76,1004.38,239450,127211
2026-05-18,999.62,1004.5,987.7,999.8,243185,117961
2026-05-19,1006.38,1009.3,998.24,1002.18,92645,130553
2026-05-20,1000.22,1000.92,982.2,986.64,130850,141434
2026-05-21,990.32,1005.3,984.32,995.38,129057,148862
2026-05-22,992.0,1002.16,988.48,995.76,111084,153403
2026-05-25,993.98,1005.6,988.14,1001.4,131034,161898
2026-05-26,1003.86,1005.22,993.02,995.0,132467,176674
2026-05-27,991.86,995.08,982.6,983.56,178132,188341
2026-05-28,973.82,976.98,959.08,961.18,280818,192817
2026-05-29,969.86,989.96,967.82,989.4,273149,191801
2026-06-01,987.92,1003.22,983.5,983.58,240345,193569
2026-06-02,982.6,990.96,972.58,990.6,206219,190813
2026-06-03,986.48,988.2,974.58,977.08,153332,192532
2026-06-04,976.7,980.2,969.0,977.94,165956,191537
2026-06-05,985.18,987.96,968.88,974.02,196978,191132
2026-06-08,964.96,967.18,934.8,942.2,320792,188517
2026-06-09,947.48,952.62,945.62,947.04,190012,181455
2026-06-10,949.62,954.5,911.8,919.32,346135,181123
2026-06-11,906.94,915.5,885.5,895.0,398186,182214
2026-06-12,892.0,918.44,885.44,911.62,323359,178261
2026-06-15,912.9,945.5,910.8,938.94,262444,172993
2026-06-16,947.0,951.54,938.62,941.72,193146,171506
2026-06-17,948.38,948.68,939.1,942.94,176370,171271
2026-06-18,943.4,953.8,932.24,937.96,258473,167662
2026-06-22,917.0,922.32,910.92,916.92,110330,167026
2026-06-23,915.88,919.68,897.04,897.9,212566,169010
2026-06-24,898.82,906.48,886.34,896.04,241146,159725
2026-06-25,877.0,887.34,868.34,872.0,341023,156619
2026-06-26,878.5,886.62,872.86,883.3,272086,148354
2026-06-29,888.12,896.92,884.0,888.72,233900,145195
2026-06-30,885.1,887.16,863.1,881.24,257038,139909
2026-07-01,877.0,888.56,867.62,869.82,212970,137368
2026-07-02,881.0,899.66,878.34,890.66,284908,134092
2026-07-03,900.0,916.5,896.08,911.4,271931,135048
2026-07-06,911.56,918.5,906.3,907.82,158114,134179
2026-07-07,906.0,910.6,900.34,903.76,155508,133556
2026-07-08,911.54,913.68,896.52,902.76,188949,128436
2026-07-09,892.5,899.22,882.0,898.86,243897,123489
2026-07-10,899.74,905.2,897.42,897.94,159986,122143
2026-07-13,895.0,898.48,884.28,885.94,185696,118036
2026-07-14,887.5,887.88,871.58,880.26,209039,115731
2026-07-15,890.0,894.9,877.14,880.1,195411,112745
2026-07-16,887.8,888.66,877.3,879.18,177790,107178
2026-07-17,873.74,880.2,869.0,876.24,99264,113554
2026-07-20,871.0,881.78,868.2,876.64,86455,117065
2026-07-21,878.02,893.5,875.06,892.4,101420,128679
2026-07-22,888.5,907.48,885.86,901.74,116815,139043
2026-07-23,901.32,912.88,900.26,901.76,119093,149544
2026-07-24,889.08,890.96,881.0,883.8,146094,151372
2026-07-27,887.0,899.8,885.36,895.78,135540,158871
